YEAR BUILT,PROPERTY TYPE,WARD,COSMETIC EVALUATION,MODERATE RISK EVALUATION,HIGH RISK EVALUATION,CURRENT BUILDING EVAL SCORE
-1,PRIVATE,19,2.1,2.4,2.45,80
-1,PRIVATE,9,2.8,2.13,2.67,81
-1,PRIVATE,8,2.3,2.44,2.33,79
-1,PRIVATE,4,1.67,2.14,2.62,79
-1,PRIVATE,10,1.22,2.29,2.42,76
-1,PRIVATE,10,1.22,2.19,2.57,78
-1,PRIVATE,14,1,1.85,2.91,79
-1,PRIVATE,18,2.67,2.12,2.33,75
-1,PRIVATE,19,1.22,1.47,2.2,60
-1,SOCIAL HOUSING,11,2.7,2.38,2.8,87
-1,SOCIAL HOUSING,13,2.6,2.75,2.86,93
-1,TCHC,21,2.7,2.72,2.93,94
1956,PRIVATE,6,1.89,2.27,2.73,82
1956,PRIVATE,6,2.89,2.56,2.27,82
1956,PRIVATE,8,1,2,2.29,70
1956,PRIVATE,8,1.44,2.19,2.38,75
1956,PRIVATE,8,1.67,2.19,2.54,78
1956,PRIVATE,8,2.22,2.47,2.36,80
1956,PRIVATE,8,2.89,2.67,2.43,85
1956,PRIVATE,16,2.33,2.76,2.73,91
1956,PRIVATE,19,1.89,2.44,2.92,89
1956,PRIVATE,20,2.89,2.56,2.58,86
1956,PRIVATE,21,2.67,2.56,2.79,90
1957,PRIVATE,6,2.3,2.38,1.91,72
1957,PRIVATE,8,1.5,2.13,2.43,75
1957,PRIVATE,3,2.3,2.11,2.6,79
1957,PRIVATE,3,2.6,2.56,2.64,87
1957,PRIVATE,8,1.6,2,2.08,67
1957,PRIVATE,8,2.6,2.65,2.08,79
1957,PRIVATE,21,2.6,2.47,2.67,86
1957,PRIVATE,21,2.6,2.53,2.73,88
1957,PRIVATE,3,1.2,2.2,2.46,73
1957,PRIVATE,3,2.3,2.35,2.47,80
1957,PRIVATE,8,1.9,2.19,2.64,80
1957,PRIVATE,8,2.7,2.44,2.53,84
1957,PRIVATE,12,2.5,2.61,2.67,88
1957,PRIVATE,3,2.6,2.14,2.8,83
1957,PRIVATE,4,2.6,2.82,2.75,92
1957,PRIVATE,5,1.8,2,2.5,74
1957,PRIVATE,8,1.8,2.25,2.69,82
1957,PRIVATE,11,2.5,2.67,2.69,89
1957,PRIVATE,12,2.6,2.63,2.88,92
1957,PRIVATE,3,2.5,2.36,2.73,85
1957,PRIVATE,3,2.5,2.63,2.62,87
1957,PRIVATE,3,2.9,2.65,2.6,88
1957,PRIVATE,3,2.3,2.5,2.87,90
1957,PRIVATE,3,2.9,3,2.85,96
1957,PRIVATE,4,2.4,2.65,2.64,88
1957,PRIVATE,4,2.9,2.82,2.93,96
1957,PRIVATE,5,2.4,2.2,2.46,78
1957,PRIVATE,5,2.9,2.63,2.85,92
1957,PRIVATE,12,2.9,2.83,2.69,92
1957,PRIVATE,3,3,3,2.92,99
1957,PRIVATE,20,3,2.95,2.69,94
1957,PRIVATE,3,2.89,2.56,2.86,91
1957,PRIVATE,8,1.78,2.25,2.67,81
1957,PRIVATE,8,2.67,2.06,2.71,82
1957,PRIVATE,8,3,2.73,2.62,90
1957,PRIVATE,8,3,2.94,2.93,98
1957,PRIVATE,11,3,2.83,2.33,86
1957,PRIVATE,20,2.56,2.38,2.54,82
1958,PRIVATE,19,1.4,1.63,2.33,65
1958,PRIVATE,8,1.5,2.06,1.92,65
1958,PRIVATE,15,1.8,2.06,2.23,71
1958,PRIVATE,15,2.5,2.63,2.75,86
1958,PRIVATE,8,2.3,2.19,2.23,74
1958,PRIVATE,3,2.5,2.56,2.57,85
1958,PRIVATE,3,2.7,2.73,2.75,91
1958,PRIVATE,4,2.4,2.53,2.6,85
1958,PRIVATE,5,2.7,2.94,2.93,97
1958,PRIVATE,6,2.1,1.94,2.7,76
1958,PRIVATE,6,1.9,2.31,2.5,80
1958,PRIVATE,11,2.7,2.59,2.44,84
1958,PRIVATE,11,2.7,2.67,2.5,86
1958,PRIVATE,17,2.7,2.69,2.92,94
1958,PRIVATE,19,2.7,2.59,2.5,85
1958,PRIVATE,20,2,2.71,2.53,86
1958,PRIVATE,20,2.7,2.65,2.87,92
1958,PRIVATE,3,1.8,2.29,2.17,73
1958,PRIVATE,3,2.2,2.47,2.62,84
1958,PRIVATE,5,2.8,2.6,2.77,90
1958,PRIVATE,6,1.8,2.13,2.58,78
1958,PRIVATE,6,2.8,2.76,2.85,94
1958,PRIVATE,12,2.8,2.24,2.5,80
1958,PRIVATE,14,2.8,2.6,2.8,91
1958,PRIVATE,15,2.8,2.47,2.5,84
1958,PRIVATE,16,2.8,2.81,2.88,95
1958,PRIVATE,20,2.2,2.75,2.75,90
1958,PRIVATE,3,2.9,2.94,2.75,94
1958,PRIVATE,3,2.9,2.88,2.81,95
1958,PRIVATE,4,1.9,1.94,2.77,78
1958,PRIVATE,4,2.7,2.47,2.6,85
1958,PRIVATE,5,1.9,2.27,2.5,78
1958,PRIVATE,5,2.9,2.53,2.8,89
1958,PRIVATE,5,2.9,2.67,2.91,93
1958,PRIVATE,6,1.9,2.13,2.36,74
1958,PRIVATE,6,2.7,2.76,2.75,92
1958,PRIVATE,6,2.9,2.82,2.86,95
1958,PRIVATE,15,2.4,2.19,2.79,84
1958,PRIVATE,16,2.7,2.82,2.93,96
1958,PRIVATE,18,2.9,2.75,3,97
1958,PRIVATE,19,2.9,2.82,2.81,94
1958,PRIVATE,21,2.9,2.63,2.64,88
1958,PRIVATE,3,2.8,2.69,2.93,94
1958,PRIVATE,4,2.8,2.93,2.92,97
1958,PRIVATE,5,1.5,2.29,2.23,74
1958,PRIVATE,5,3,2.88,2.85,96
1958,PRIVATE,8,3,2.9,2.93,97
1958,PRIVATE,9,3,3,2.92,99
1958,PRIVATE,19,3,2.81,2.73,93
1958,PRIVATE,20,3,2.59,2.79,91
1958,PRIVATE,5,2.89,2.47,2.82,89
1958,PRIVATE,6,2.56,2.53,2.07,76
1958,PRIVATE,6,2.67,2.33,2.43,80
1958,PRIVATE,6,2.78,2.5,2.53,84
1958,PRIVATE,6,3,2.76,2.77,93
1958,PRIVATE,8,3,2.87,2.93,97
1958,PRIVATE,12,2.67,2.14,2.58,80
1958,PRIVATE,14,2.78,2.81,2.8,93
1958,PRIVATE,16,2.78,2.61,2.73,89
1959,PRIVATE,18,1.8,2.31,2.4,78
1959,PRIVATE,19,2.4,1.94,2.13,69
1959,PRIVATE,4,2.3,2.69,2.53,86
1959,PRIVATE,8,2.5,2.41,2.38,80
1959,PRIVATE,5,2.6,2.35,2.53,82
1959,PRIVATE,8,2.6,2.72,2.06,79
1959,PRIVATE,8,2.6,2.53,2.47,83
1959,PRIVATE,9,1.6,1.81,2.31,68
1959,PRIVATE,11,2.2,2.44,2.69,85
1959,PRIVATE,3,1.9,2.44,2.67,84
1959,PRIVATE,12,2.1,2.69,2.53,86
1959,PRIVATE,3,2.8,2.65,2.94,94
1959,PRIVATE,4,2.8,2.82,2.63,90
1959,PRIVATE,4,2.6,2.56,2.8,90
1959,PRIVATE,8,2.6,2.41,2.21,77
1959,PRIVATE,9,2.8,2.61,2.71,89
1959,PRIVATE,11,2.8,2.75,2.56,89
1959,PRIVATE,12,2.8,2.82,2.88,93
1959,PRIVATE,15,2.8,2.65,2.73,90
1959,PRIVATE,19,2.6,2.6,2.55,86
1959,PRIVATE,20,2.8,2.88,2.75,93
1959,PRIVATE,21,1.8,2.33,2.79,85
1959,PRIVATE,2,2.9,2.94,2.69,94
1959,PRIVATE,3,1.9,2.56,2.8,88
1959,PRIVATE,3,2.9,2.88,2.73,93
1959,PRIVATE,4,2.5,2.75,2.53,87
1959,PRIVATE,4,2.7,2.88,2.73,93
1959,PRIVATE,5,2.9,2.88,2.71,93
1959,PRIVATE,8,2.9,2.79,2.93,95
1959,PRIVATE,12,2.3,2.38,2.8,87
1959,PRIVATE,16,1.9,2.25,2.33,76
1959,PRIVATE,20,2.9,2.83,2.87,95
1959,PRIVATE,20,2.9,2.82,2.93,96
1959,PRIVATE,21,2.9,2.82,2.8,94
1959,PRIVATE,3,2,2.59,2.94,92
1959,PRIVATE,3,3,3,2.92,99
1959,PRIVATE,5,2.3,2.67,3,94
1959,PRIVATE,6,3,2.78,2.88,95
1959,PRIVATE,6,3,2.94,2.8,96
1959,PRIVATE,6,3,2.94,2.94,98
1959,PRIVATE,14,3,2.94,2.93,98
1959,PRIVATE,15,3,2.76,2.63,90
1959,PRIVATE,15,3,3,2.93,99
1959,PRIVATE,15,3,3,2.93,99
1959,PRIVATE,16,3,2.87,2.92,97
1959,PRIVATE,16,3,2.84,2.94,97
1959,PRIVATE,16,3,2.95,3,99
1959,PRIVATE,18,3,2.8,2.93,96
1959,PRIVATE,20,3,2.53,2.67,88
1959,PRIVATE,20,2.8,2.63,2.86,92
1959,PRIVATE,21,3,2.63,2.88,93
1959,PRIVATE,7,1.89,2.1,2.57,77
1959,PRIVATE,7,2.33,2.37,2.57,82
1959,PRIVATE,8,1.22,2.29,2.33,75
1959,PRIVATE,8,2.89,2.67,2.69,90
1959,PRIVATE,8,2.89,2.71,2.8,92
1959,PRIVATE,8,3,2.88,2.63,92
1959,PRIVATE,12,2.89,2.87,2.71,93
1959,PRIVATE,12,3,2.78,2.92,93
1959,PRIVATE,12,3,2.88,3,97
1959,PRIVATE,14,3,2.72,2.63,89
1959,PRIVATE,19,2.56,2.72,2.94,94
1960,PRIVATE,19,1.3,1.75,2.13,63
1960,PRIVATE,8,0.9,1.88,2.71,75
1960,PRIVATE,15,1.9,2,2.45,74
1960,PRIVATE,4,1.5,2,2,66
1960,PRIVATE,8,1.5,1.87,2.18,66
1960,PRIVATE,9,2,2.23,2,70
1960,PRIVATE,12,1.7,2.13,2.36,74
1960,PRIVATE,16,2.3,2.88,2.67,91
1960,PRIVATE,4,1.6,2.53,2.64,84
1960,PRIVATE,5,1.2,2.38,2.43,78
1960,PRIVATE,6,2.6,2.81,2.53,88
1960,PRIVATE,8,2.6,2.13,2.38,76
1960,PRIVATE,8,2.6,2.59,2.15,79
1960,PRIVATE,8,2.6,2.86,2.38,87
1960,PRIVATE,11,2.1,2.11,2.31,74
1960,PRIVATE,11,2.4,2.31,2.53,81
1960,PRIVATE,15,2.4,2.24,2.56,81
1960,PRIVATE,19,2.2,2.07,2.42,75
1960,PRIVATE,19,1.8,2.2,2.5,78
1960,PRIVATE,1,2.5,2.65,2.87,92
1960,PRIVATE,3,2.7,2.13,2.33,76
1960,PRIVATE,3,1.9,2.65,2.63,85
1960,PRIVATE,3,2.2,2.44,2.73,86
1960,PRIVATE,4,1.8,2.29,2.42,77
1960,PRIVATE,4,2.4,2.43,2.5,82
1960,PRIVATE,4,2.7,2.78,2.73,92
1960,PRIVATE,5,2.7,2.33,2.33,79
1960,PRIVATE,5,1.9,2.27,2.7,81
1960,PRIVATE,5,2.5,2.59,2.5,85
1960,PRIVATE,5,2.7,2.6,2.5,85
1960,PRIVATE,5,2.5,2.44,2.79,87
1960,PRIVATE,5,2.3,2.47,2.86,88
1960,PRIVATE,6,1.7,1.93,2.64,75
1960,PRIVATE,6,2.7,2.6,2.8,90
1960,PRIVATE,6,2.7,2.65,2.83,91
1960,PRIVATE,6,2.7,2.81,2.73,92
1960,PRIVATE,8,2.1,2.65,2.64,87
1960,PRIVATE,8,2.7,2.69,2.69,90
1960,PRIVATE,13,1.7,2.33,2.54,80
1960,PRIVATE,15,1.9,1.79,2.64,74
1960,PRIVATE,15,2.1,2.63,2.69,88
1960,PRIVATE,16,2.7,2.53,2.44,83
1960,PRIVATE,20,1.9,2.56,2.55,84
1960,PRIVATE,20,2.7,2.68,2.75,91
1960,PRIVATE,20,2.7,2.75,2.83,93
1960,PRIVATE,1,2.6,2.69,2.69,89
1960,PRIVATE,2,2.8,2.71,2.6,88
1960,PRIVATE,3,1.8,2.31,2.69,83
1960,PRIVATE,3,2.6,2.53,2.67,87
1960,PRIVATE,3,2.8,2.84,2.69,92
1960,PRIVATE,3,2.8,2.8,2.77,93
1960,PRIVATE,3,2.8,2.8,2.77,93
1960,PRIVATE,4,1.8,2.19,2.27,74
1960,PRIVATE,4,2.6,2.75,2.63,88
1960,PRIVATE,5,2.5,2.23,2.25,74
1960,PRIVATE,5,2.7,2.35,2.56,83
1960,PRIVATE,5,2.8,2.67,2.71,90
1960,PRIVATE,6,1.8,2.07,2.5,75
1960,PRIVATE,6,1.8,2.53,2.5,82
1960,PRIVATE,9,2.5,2.27,2.5,80
1960,PRIVATE,9,2.5,2.39,2.67,85
1960,PRIVATE,9,2.8,2.6,2.54,86
1960,PRIVATE,11,2.8,2.83,2.81,94
1960,PRIVATE,13,2.8,2.67,2.75,91
1960,PRIVATE,16,2.8,2.72,2.67,90
1960,PRIVATE,19,2.8,2.6,2.57,87
1960,PRIVATE,19,2.2,2.53,2.79,88
1960,PRIVATE,20,2.8,2.75,2.57,88
1960,PRIVATE,20,2.8,2.78,2.69,91
1960,PRIVATE,20,2.8,2.84,2.81,94
1960,PRIVATE,21,2.8,2.88,2.5,89
1960,PRIVATE,21,2,2.38,2.93,89
1960,PRIVATE,21,2.6,2.54,2.85,90
1960,PRIVATE,21,2.8,2.86,2.77,93
1960,PRIVATE,3,2.9,2.93,2.73,94
1960,PRIVATE,4,2.9,2.74,2.6,89
1960,PRIVATE,4,2.9,2.88,2.63,91
1960,PRIVATE,4,2.7,3,2.87,97
1960,PRIVATE,5,2.9,2.56,2.91,92
1960,PRIVATE,5,2.9,2.75,2.94,95
1960,PRIVATE,6,2.9,2.88,2.62,91
1960,PRIVATE,6,2.9,2.71,2.83,93
1960,PRIVATE,7,2,2.31,2.67,82
1960,PRIVATE,7,2.4,2.53,2.47,83
1960,PRIVATE,7,2.7,2.58,2.81,90
1960,PRIVATE,8,2.9,2.94,2.6,92
1960,PRIVATE,8,2.9,2.81,2.92,96
1960,PRIVATE,8,2.9,2.81,2.94,96
1960,PRIVATE,12,1.4,2.29,2.86,85
1960,PRIVATE,12,2.4,2.56,2.69,87
1960,PRIVATE,12,2.9,2.82,2.81,94
1960,PRIVATE,13,2.9,2.69,2.5,87
1960,PRIVATE,13,2.9,2.63,2.69,89
1960,PRIVATE,13,2.9,2.78,2.75,92
1960,PRIVATE,13,2.9,2.76,2.81,93
1960,PRIVATE,13,2.7,2.68,2.94,94
1960,PRIVATE,15,2.6,2.24,2.64,82
1960,PRIVATE,18,2.5,2.41,2.93,90
1960,PRIVATE,19,2.8,2.8,2.67,91
1960,PRIVATE,21,2.7,2.65,2.6,88
1960,PRIVATE,21,2.4,2.47,2.87,89
1960,PRIVATE,21,2.7,2.65,2.67,89
1960,PRIVATE,21,2.7,2.78,2.73,92
1960,PRIVATE,2,3,2.94,2.71,94
1960,PRIVATE,3,2.3,2.67,2.77,90
1960,PRIVATE,3,3,2.78,2.67,90
1960,PRIVATE,3,2.8,2.88,2.77,94
1960,PRIVATE,3,3,2.53,3,94
1960,PRIVATE,3,3,2.69,2.93,95
1960,PRIVATE,4,2,2.31,2.87,87
1960,PRIVATE,5,2.6,2.41,2.92,89
1960,PRIVATE,5,2.8,2.67,2.81,92
1960,PRIVATE,5,3,2.83,3,98
1960,PRIVATE,6,3,2.75,2.71,92
1960,PRIVATE,8,3,2.94,2.83,96
1960,PRIVATE,8,3,2.81,2.92,96
1960,PRIVATE,8,3,2.88,2.93,97
1960,PRIVATE,12,2.7,2.79,2.81,92
1960,PRIVATE,12,3,2.8,2.93,96
1960,PRIVATE,13,2.9,2.67,2.69,90
1960,PRIVATE,13,3,2.82,2.86,95
1960,PRIVATE,13,3,2.95,2.8,96
1960,PRIVATE,13,3,3,3,100
1960,PRIVATE,15,2.9,2.83,2.75,93
1960,PRIVATE,15,3,2.59,2.94,93
1960,PRIVATE,15,3,2.82,2.88,95
1960,PRIVATE,16,3,2.8,2.73,93
1960,PRIVATE,16,2.9,2.84,2.88,95
1960,PRIVATE,16,3,2.88,2.87,96
1960,PRIVATE,19,2,2.47,2.83,87
1960,PRIVATE,19,3,3,2.86,97
1960,PRIVATE,20,2.8,2.73,2.79,92
1960,PRIVATE,21,3,2.89,2.87,96
1960,PRIVATE,21,3,2.94,2.87,97
1960,PRIVATE,1,2.89,2.73,2.46,87
1960,PRIVATE,1,2.78,2.56,2.81,90
1960,PRIVATE,1,2.78,2.67,2.73,90
1960,PRIVATE,1,2.78,2.76,2.71,91
1960,PRIVATE,3,2.56,2.44,2.27,79
1960,PRIVATE,4,2.44,2.31,2.45,80
1960,PRIVATE,4,2.67,2.41,2.79,87
1960,PRIVATE,4,2.56,2.41,2.79,87
1960,PRIVATE,4,2.56,2.59,2.67,88
1960,PRIVATE,4,2.89,2.85,2.86,94
1960,PRIVATE,5,2.33,2,2.45,75
1960,PRIVATE,5,1.78,2.13,2.55,77
1960,PRIVATE,5,1.33,2.19,2.83,82
1960,PRIVATE,5,2.56,2.41,2.71,86
1960,PRIVATE,6,2.44,2.28,2.77,84
1960,PRIVATE,6,2.67,2.44,2.73,86
1960,PRIVATE,6,2.89,2.68,2.5,86
1960,PRIVATE,6,2.67,2.5,2.73,87
1960,PRIVATE,6,2.44,2.33,2.86,87
1960,PRIVATE,6,2.78,2.69,2.64,89
1960,PRIVATE,6,2.67,2.75,2.64,90
1960,PRIVATE,6,2.78,2.81,2.64,91
1960,PRIVATE,6,2.67,2.88,2.62,91
1960,PRIVATE,6,2.67,2.81,2.69,91
1960,PRIVATE,6,2.89,2.76,2.73,92
1960,PRIVATE,8,2.22,2.38,2.53,82
1960,PRIVATE,8,1.78,2.56,2.54,83
1960,PRIVATE,8,2.44,2.68,2.44,85
1960,PRIVATE,8,2.44,2.53,2.69,87
1960,PRIVATE,8,2.78,2.47,2.69,87
1960,PRIVATE,8,2.89,2.69,2.71,90
1960,PRIVATE,8,3,2.8,2.82,94
1960,PRIVATE,8,3,2.94,2.79,95
1960,PRIVATE,9,1.56,2.21,2.58,79
1960,PRIVATE,12,2.89,2.56,2.5,85
1960,PRIVATE,12,3,2.71,2.79,92
1960,PRIVATE,12,3,2.71,2.87,94
1960,PRIVATE,14,1.22,2.12,2.69,76
1960,PRIVATE,15,2.56,2.64,2.3,82
1960,PRIVATE,15,2.56,2.67,2.6,88
1960,PRIVATE,15,2.78,2.89,2.93,97
1960,PRIVATE,16,1.67,2,2.38,73
1960,PRIVATE,16,1.56,2.35,2.5,80
1960,PRIVATE,16,2.89,2.58,2.56,86
1960,PRIVATE,16,2.22,2.56,2.67,86
1960,PRIVATE,16,2.67,2.5,2.69,87
1960,PRIVATE,16,2.22,2.56,2.71,87
1960,PRIVATE,16,2.78,2.84,2.43,88
1960,PRIVATE,16,2.89,2.89,2.87,96
1960,PRIVATE,19,1.78,2.27,2.15,73
1960,PRIVATE,21,2.44,2.22,2.4,78
1961,PRIVATE,16,2,2.1,2.56,78
1961,PRIVATE,21,2.2,2.24,2.4,77
1961,PRIVATE,21,2.3,2.06,2.38,75
1961,PRIVATE,19,2.6,2.61,2.53,86
1961,PRIVATE,5,2.3,2.8,2.36,84
1961,PRIVATE,20,2.5,2.29,2.67,84
1961,PRIVATE,21,2.7,2.41,2.6,84
1961,PRIVATE,24,2.7,2.12,2.53,79
1961,PRIVATE,5,2.8,2.88,2.93,97
1961,PRIVATE,8,2.7,2.55,2.63,87
1961,PRIVATE,15,2.8,2.81,2.6,90
1961,PRIVATE,18,2,2.82,2.63,89
1961,PRIVATE,19,2.7,2.47,2.63,86
1961,PRIVATE,21,2.8,2.65,2.47,85
1961,PRIVATE,21,2.4,2.44,2.87,88
1961,PRIVATE,25,2.8,2.88,2.87,96
1961,PRIVATE,5,2.9,2.88,2.73,93
1961,PRIVATE,11,1.4,2.22,2.33,74
1961,PRIVATE,12,2.9,2.32,2.88,88
1961,PRIVATE,14,2.9,2.94,2.93,98
1961,PRIVATE,16,2.3,2.7,2.82,91
1961,PRIVATE,20,2.9,2.38,2.67,86
1961,PRIVATE,3,3,2.94,2.81,96
1961,PRIVATE,8,2.2,2.88,2.58,90
1961,PRIVATE,14,3,3,3,100
1961,PRIVATE,14,3,3,3,100
1961,PRIVATE,15,3,2.94,3,99
1961,PRIVATE,16,1.5,2.29,2.88,86
1961,PRIVATE,16,3,2.84,2.87,95
1961,PRIVATE,16,2.9,2.89,2.81,95
1961,PRIVATE,19,3,2.74,2.94,95
1961,PRIVATE,5,2.33,2.19,2.64,81
1961,PRIVATE,6,2.78,2.61,2.77,90
1961,PRIVATE,6,3,2.83,2.81,94
1961,PRIVATE,7,2.67,2.82,2.53,89
1961,PRIVATE,11,2.67,2.5,2.64,85
1961,PRIVATE,25,2.78,2.81,2.87,95
1962,PRIVATE,15,1.8,2.18,2.73,82
1962,PRIVATE,19,1.6,2.28,2.56,80
1962,PRIVATE,4,2.6,2.84,2.88,95
1962,PRIVATE,5,2.2,2.38,2.79,86
1962,PRIVATE,12,1.6,2.17,2.56,78
1962,PRIVATE,16,2.6,2.41,2.67,85
1962,PRIVATE,3,2.7,2.88,2.87,95
1962,PRIVATE,15,2.7,2.59,2.63,87
1962,PRIVATE,16,2.7,2.53,2.69,87
1962,PRIVATE,20,2.7,2.63,2.79,91
1962,PRIVATE,1,2.8,2.33,2.86,88
1962,PRIVATE,2,2.7,2.69,2.58,88
1962,PRIVATE,2,2.8,2.74,2.93,95
1962,PRIVATE,3,2.6,2.69,2.77,91
1962,PRIVATE,4,2.6,2.53,2.4,82
1962,PRIVATE,4,2.6,2.84,2.67,91
1962,PRIVATE,5,2,2.37,2.56,82
1962,PRIVATE,6,2.8,2.85,2.8,94
1962,PRIVATE,7,2.4,2.11,2.47,77
1962,PRIVATE,15,2.7,2.53,2.63,86
1962,PRIVATE,16,2,2.41,2.67,84
1962,PRIVATE,16,2.8,2.58,2.75,89
1962,PRIVATE,24,2.8,2.68,2.88,93
1962,PRIVATE,1,2.7,2.56,2.69,88
1962,PRIVATE,4,2.7,2.75,2.47,86
1962,PRIVATE,14,2.9,2.74,2.81,93
1962,PRIVATE,14,2.9,2.9,2.94,97
1962,PRIVATE,15,2.9,2.43,2.5,83
1962,PRIVATE,15,2.9,2.7,2.81,92
1962,PRIVATE,16,2.9,2.81,2.94,96
1962,PRIVATE,21,2.3,2.78,2.87,93
1962,PRIVATE,2,2.8,2.56,2.87,91
1962,PRIVATE,3,2.2,2.63,2.79,89
1962,PRIVATE,4,3,2.83,2.69,92
1962,PRIVATE,6,3,2.84,2.88,96
1962,PRIVATE,7,3,2.79,2.73,92
1962,PRIVATE,7,3,2.89,2.73,94
1962,PRIVATE,8,3,2.95,2.81,96
1962,PRIVATE,15,2.8,2.8,3,97
1962,PRIVATE,15,3,2.9,3,99
1962,PRIVATE,16,1.5,1.94,2.42,71
1962,PRIVATE,16,3,2.95,3,99
1962,PRIVATE,20,3,3,2.94,99
1962,PRIVATE,24,3,2.84,2.67,92
1962,PRIVATE,1,2.78,2.75,2.46,87
1962,PRIVATE,2,2.22,2.53,2.6,85
1962,PRIVATE,4,2.89,2.94,2.79,95
1962,PRIVATE,8,2.33,2.25,2.6,82
1962,PRIVATE,8,3,2.63,2.71,90
1962,PRIVATE,12,2.78,2.4,2.5,83
1962,PRIVATE,12,2.67,2.69,2.87,93
1962,PRIVATE,16,2,2.17,2.69,81
1962,PRIVATE,16,2.44,2.69,2.71,90
1962,PRIVATE,21,2.78,2.79,3,97
1962,PRIVATE,24,2.67,2.68,2.64,89
1963,PRIVATE,24,2.5,2.42,2.6,84
1963,PRIVATE,12,2.4,2.27,2.92,87
1963,PRIVATE,12,1.8,2.35,2.87,87
1963,PRIVATE,16,2.6,2.61,2.87,91
1963,PRIVATE,5,2.5,2.4,2.56,83
1963,PRIVATE,6,2.7,2.63,2.53,86
1963,PRIVATE,15,2.7,2.65,2.73,90
1963,PRIVATE,1,2,2.47,2.54,82
1963,PRIVATE,6,2.8,2.83,2.75,93
1963,PRIVATE,13,2.8,2.6,2.75,90
1963,PRIVATE,13,2.8,2.72,2.88,94
1963,PRIVATE,14,2.8,2.87,2.8,93
1963,PRIVATE,16,2.8,2.74,2.8,92
1963,PRIVATE,21,2.6,2.75,2.53,85
1963,PRIVATE,1,2.9,2.88,2.73,93
1963,PRIVATE,1,2.9,2.75,2.87,94
1963,PRIVATE,3,2.9,2.58,2.69,88
1963,PRIVATE,12,2.7,2.81,2.87,94
1963,PRIVATE,12,2.9,2.81,2.92,96
1963,PRIVATE,15,2.9,2.5,2.69,87
1963,PRIVATE,15,2.7,2.7,2.75,91
1963,PRIVATE,18,2.9,2.8,3,97
1963,PRIVATE,20,2.9,2.83,2.93,96
1963,PRIVATE,21,2.9,3,3,100
1963,PRIVATE,2,3,2.89,2.8,94
1963,PRIVATE,2,3,2.89,2.8,95
1963,PRIVATE,13,3,2.9,2.93,97
1963,PRIVATE,13,3,2.95,3,99
1963,PRIVATE,16,3,2.8,2.94,96
1963,PRIVATE,21,2.8,2.65,2.27,79
1963,PRIVATE,21,3,2.89,3,99
1963,PRIVATE,3,2.56,2.26,2.44,79
1963,PRIVATE,4,3,2.89,2.73,94
1963,PRIVATE,6,2.89,2.5,2.64,86
1963,PRIVATE,12,2,2.59,2.8,89
1963,PRIVATE,12,2.56,2.73,2.79,91
1963,PRIVATE,16,2.89,2.61,2.86,92
1964,PRIVATE,21,0.6,0.81,1.8,43
1964,PRIVATE,16,1.4,1.72,2.38,69
1964,PRIVATE,8,2.4,2.53,2.27,79
1964,PRIVATE,21,1.8,2.11,2.63,79
1964,PRIVATE,15,2.5,2,2.38,74
1964,PRIVATE,6,2.6,2.33,2.33,78
1964,PRIVATE,6,2.6,2.4,2.53,83
1964,PRIVATE,15,2.6,2.19,2.38,77
1964,PRIVATE,19,1.6,1.88,2,63
1964,PRIVATE,20,2.6,2.72,2.87,93
1964,PRIVATE,6,2.7,2.21,2.07,72
1964,PRIVATE,15,2.7,2.47,2.8,88
1964,PRIVATE,16,2.7,2.42,2.67,85
1964,PRIVATE,20,2.7,2.77,2.5,88
1964,PRIVATE,2,2.7,2.8,2.88,93
1964,PRIVATE,6,2.6,2.79,2.93,95
1964,PRIVATE,13,2.8,2.74,2.87,94
1964,PRIVATE,15,2.8,2.45,2.81,89
1964,PRIVATE,16,2.8,2.68,3,95
1964,PRIVATE,2,2.9,2.65,2.87,92
1964,PRIVATE,6,2.9,2.9,2.87,96
1964,PRIVATE,12,2.5,2.38,2.69,85
1964,PRIVATE,12,2.9,2.65,2.73,90
1964,PRIVATE,12,2.9,2.63,2.87,91
1964,PRIVATE,13,2.9,2.6,2.8,91
1964,PRIVATE,16,2.9,2.8,2.88,95
1964,PRIVATE,20,2.9,2.71,2.73,91
1964,PRIVATE,20,2.9,2.81,2.87,95
1964,PRIVATE,21,2.7,2.5,2.87,90
1964,PRIVATE,2,3,2.95,2.94,98
1964,PRIVATE,4,3,2.94,2.88,97
1964,PRIVATE,6,2.6,2.94,2.88,96
1964,PRIVATE,15,3,3,2.88,98
1964,PRIVATE,21,2.9,2.79,2.6,90
1964,PRIVATE,21,3,2.9,2.94,98
1964,PRIVATE,1,2.11,2,2.07,63
1964,PRIVATE,8,3,2.7,2.63,89
1964,PRIVATE,14,2.78,2.68,2.81,91
1964,PRIVATE,21,2.67,1.95,2.6,77
1965,PRIVATE,14,1.2,1.56,1.85,56
1965,PRIVATE,4,1.7,1.76,2.53,72
1965,PRIVATE,17,2.4,2.45,2.87,89
1965,PRIVATE,15,2.5,2.47,2.56,84
1965,PRIVATE,16,2.5,2.62,2.67,88
1965,PRIVATE,21,1.9,2.47,2.33,79
1965,PRIVATE,5,1.6,2.06,2.31,72
1965,PRIVATE,6,1.6,2.06,2.46,75
1965,PRIVATE,6,2.6,2.33,2.53,82
1965,PRIVATE,6,2.6,2.59,2.54,85
1965,PRIVATE,11,2.4,2.79,2.63,89
1965,PRIVATE,15,2.5,1.8,2.56,74
1965,PRIVATE,16,2.6,2.71,2.81,91
1965,PRIVATE,20,2.6,2.8,2.69,91
1965,PRIVATE,2,2.7,2.67,2.93,94
1965,PRIVATE,4,2.5,2.47,2.5,83
1965,PRIVATE,4,2.7,2.75,2.73,91
1965,PRIVATE,4,2.7,2.88,2.93,97
1965,PRIVATE,8,2.6,2.12,2.53,79
1965,PRIVATE,8,2.1,2.5,2.43,81
1965,PRIVATE,12,2.4,2.4,2.56,83
1965,PRIVATE,15,2.7,2.7,2.82,92
1965,PRIVATE,16,2.2,2.71,3,94
1965,PRIVATE,19,1.7,1.86,2.42,71
1965,PRIVATE,24,2.5,2.47,2.31,80
1965,PRIVATE,4,2.8,2.65,2.69,89
1965,PRIVATE,4,2.8,2.94,2.69,93
1965,PRIVATE,5,1.8,2.06,2.75,80
1965,PRIVATE,7,2.7,2.45,2.63,85
1965,PRIVATE,8,1.3,1.65,2.77,73
1965,PRIVATE,8,2.2,2.38,2.64,84
1965,PRIVATE,12,2.7,2.72,2.81,92
1965,PRIVATE,12,2.8,2.63,2.88,92
1965,PRIVATE,14,2.8,2.6,2.86,92
1965,PRIVATE,16,2.8,2.67,2.93,94
1965,PRIVATE,17,2.8,2.58,2.88,92
1965,PRIVATE,1,2.8,2.63,2.63,88
1965,PRIVATE,3,1.9,2.53,2.8,88
1965,PRIVATE,4,2.5,2.26,2.6,81
1965,PRIVATE,4,2.9,2.71,2.87,93
1965,PRIVATE,4,2.9,2.75,2.85,94
1965,PRIVATE,7,2.9,2.59,2.47,85
1965,PRIVATE,11,2.9,2.89,2.6,91
1965,PRIVATE,12,2.9,2.58,2.75,90
1965,PRIVATE,13,2.9,2.83,2.93,96
1965,PRIVATE,13,2.9,2.83,3,98
1965,PRIVATE,14,1.9,2.93,2.93,96
1965,PRIVATE,15,2.3,2.4,2.63,84
1965,PRIVATE,15,2.9,2.71,2.75,91
1965,PRIVATE,17,2.8,2.89,2.88,96
1965,PRIVATE,21,2.9,2.61,2.88,90
1965,PRIVATE,21,2.7,2.95,2.73,94
1965,PRIVATE,2,2,2.53,2.73,87
1965,PRIVATE,3,3,3,2.67,94
1965,PRIVATE,4,3,3,3,100
1965,PRIVATE,5,2.6,2.82,3,96
1965,PRIVATE,6,2,2.5,2.87,89
1965,PRIVATE,11,3,3,3,100
1965,PRIVATE,12,3,2.86,2.94,97
1965,PRIVATE,14,2.8,2.44,2.67,85
1965,PRIVATE,14,3,2.9,2.88,96
1965,PRIVATE,15,3,2.76,2.8,93
1965,PRIVATE,15,2.8,2.84,2.94,96
1965,PRIVATE,15,3,2.88,2.93,97
1965,PRIVATE,20,3,2.86,2.63,92
1965,PRIVATE,21,3,3,2.93,99
1965,PRIVATE,1,2.33,2.33,2.53,81
1965,PRIVATE,1,2.89,2.81,2.73,92
1965,PRIVATE,1,2.89,2.75,2.8,93
1965,PRIVATE,2,2.89,2.69,2.8,92
1965,PRIVATE,4,2,2.45,2.56,83
1965,PRIVATE,4,2.33,2.55,2.56,85
1965,PRIVATE,4,2.56,2.8,2.58,89
1965,PRIVATE,4,2.89,2.68,2.82,92
1965,PRIVATE,5,1.89,2.33,2.75,84
1965,PRIVATE,6,2.89,2.9,2.63,92
1965,PRIVATE,6,3,2.94,2.92,98
1965,PRIVATE,6,3,2.94,2.92,98
1965,PRIVATE,6,3,2.94,2.92,98
1965,PRIVATE,8,2.89,2.55,2.63,87
1965,PRIVATE,8,2.78,2.57,2.88,91
1965,PRIVATE,8,3,2.68,2.93,94
1965,PRIVATE,11,2.78,2.61,2.6,87
1965,PRIVATE,14,1.67,2.07,2.45,74
1965,PRIVATE,16,2.33,2.63,2.82,90
1965,PRIVATE,16,2.44,2.59,2.91,91
1965,PRIVATE,16,2.33,2.71,2.91,93
1965,PRIVATE,17,3,2.62,2.8,91
1965,PRIVATE,21,3,2.89,3,98
1966,PRIVATE,16,1.6,1.78,2.13,65
1966,PRIVATE,19,2.3,1.28,1.64,44
1966,PRIVATE,12,1.9,2.28,2.25,75
1966,PRIVATE,16,2.5,2.12,2.63,80
1966,PRIVATE,10,2.6,2.47,2.53,84
1966,PRIVATE,15,2.6,2.55,2.6,86
1966,PRIVATE,16,2.6,2.29,2.6,83
1966,PRIVATE,6,2.7,2.75,2.31,84
1966,PRIVATE,7,2.7,2.45,2.5,83
1966,PRIVATE,11,2.7,2.6,2.38,83
1966,PRIVATE,6,2.8,2.67,2.53,87
1966,PRIVATE,14,1.8,2.47,2.88,88
1966,PRIVATE,16,2.8,2.53,2.88,91
1966,PRIVATE,17,2.8,2.89,3,98
1966,PRIVATE,24,2,2.35,2.73,85
1966,PRIVATE,2,2.7,2.76,2.69,91
1966,PRIVATE,2,2.9,2.89,2.88,96
1966,PRIVATE,6,2.9,2.79,2.53,88
1966,PRIVATE,6,2.7,2.65,2.75,90
1966,PRIVATE,15,2.9,2.57,2.67,88
1966,PRIVATE,16,1.9,2.53,2.75,87
1966,PRIVATE,16,2.3,2.47,2.81,88
1966,PRIVATE,16,2.9,2.95,2.93,98
1966,PRIVATE,17,2.6,2.53,2.8,89
1966,PRIVATE,3,3,2.86,3,98
1966,PRIVATE,5,3,3,2.93,99
1966,PRIVATE,12,3,3,3,100
1966,PRIVATE,13,2.8,2.55,2.88,91
1966,PRIVATE,2,3,2.76,2.8,93
1966,PRIVATE,2,2.67,2.71,3,95
1966,PRIVATE,7,2.67,2.68,2.47,86
1966,PRIVATE,12,2.89,2.95,2.94,98
1966,PRIVATE,18,2.89,2.86,2.94,97
1966,PRIVATE,18,3,2.94,3,99
1966,PRIVATE,19,1.22,2.21,2.67,80
1967,PRIVATE,5,2.1,2.1,2.25,73
1967,PRIVATE,15,2.3,1.89,2.33,72
1967,PRIVATE,18,1.9,1.56,2.35,67
1967,PRIVATE,5,2.2,2,2.6,77
1967,PRIVATE,5,2.4,1.89,2.8,80
1967,PRIVATE,16,2.4,2.44,2.67,85
1967,PRIVATE,4,1.8,2.44,2.5,81
1967,PRIVATE,6,1.8,1.94,2.27,69
1967,PRIVATE,3,2.5,2.69,2.79,90
1967,PRIVATE,5,2.1,2.65,2.87,91
1967,PRIVATE,11,2.7,2.22,2.5,79
1967,PRIVATE,12,2.7,2.65,2.53,85
1967,PRIVATE,17,2.5,2.6,2.93,92
1967,PRIVATE,1,2,2.44,2.69,85
1967,PRIVATE,2,2.8,2.7,2.73,91
1967,PRIVATE,4,1.9,2.5,2.64,84
1967,PRIVATE,4,2.8,2.69,2.93,94
1967,PRIVATE,6,2.8,2.76,2.94,95
1967,PRIVATE,9,2.8,2.84,2.75,93
1967,PRIVATE,11,2.8,2.55,2.69,88
1967,PRIVATE,12,2.8,2.76,2.94,95
1967,PRIVATE,16,2.8,2.38,2.63,85
1967,PRIVATE,16,2.7,2.8,2.81,93
1967,PRIVATE,16,2.8,2.78,2.8,93
1967,PRIVATE,17,2.6,2.58,2.75,89
1967,PRIVATE,21,1.8,2.67,2.67,87
1967,PRIVATE,4,2.7,2.81,2.87,95
1967,PRIVATE,7,2.9,2.95,2.6,92
1967,PRIVATE,12,2.7,2.42,2.69,86
1967,PRIVATE,17,2.9,2.47,2.82,90
1967,PRIVATE,20,2.9,2.67,2.86,92
1967,PRIVATE,24,2.9,2.83,2.63,91
1967,PRIVATE,24,2.9,2.79,2.75,92
1967,PRIVATE,3,2.8,2.38,2.82,87
1967,PRIVATE,14,3,2.95,2.82,96
1967,PRIVATE,20,3,2.9,2.88,96
1967,PRIVATE,21,2.8,2.71,2.67,90
1967,PRIVATE,4,1.78,2.5,2.57,83
1967,PRIVATE,5,2.22,2.21,2.71,82
1967,PRIVATE,7,2.89,2.81,2.75,93
1967,PRIVATE,8,2.67,2.15,2.2,72
1967,PRIVATE,8,3,2.7,2.71,91
1967,PRIVATE,8,3,2.75,2.93,94
1967,PRIVATE,8,3,2.78,2.93,96
1967,PRIVATE,12,2.67,2.5,2.67,87
1967,PRIVATE,12,3,2.86,2.94,97
1967,PRIVATE,16,1.33,1.78,2.13,65
1967,PRIVATE,16,2.56,2.61,2.79,90
1967,PRIVATE,16,2.89,2.89,2.94,97
1967,PRIVATE,17,2.44,2.42,2.87,88
1967,PRIVATE,17,2.89,2.95,2.82,96
1967,PRIVATE,24,3,2.83,2.67,91
1968,PRIVATE,7,2.2,2.5,2.47,82
1968,PRIVATE,9,1.2,1.53,2.08,60
1968,PRIVATE,11,0.8,1.63,2.19,63
1968,PRIVATE,19,2.3,1.74,1.93,61
1968,PRIVATE,16,2.2,2.35,2.5,81
1968,PRIVATE,5,2.3,2.44,2.29,78
1968,PRIVATE,6,2.5,2.13,2.09,71
1968,PRIVATE,1,2.6,2.3,2.47,78
1968,PRIVATE,4,2.6,2.44,2.69,86
1968,PRIVATE,13,1.8,1.83,2.44,72
1968,PRIVATE,17,2.4,2.17,2.5,78
1968,PRIVATE,19,1.8,2.07,2.46,75
1968,PRIVATE,2,2.7,2.68,2.27,78
1968,PRIVATE,2,1.9,2.26,2.63,81
1968,PRIVATE,4,2.5,2.53,2.38,82
1968,PRIVATE,5,2.3,2.44,2.44,81
1968,PRIVATE,6,2.7,2.33,2.62,83
1968,PRIVATE,7,2.7,2.68,2.5,86
1968,PRIVATE,7,2.7,2.63,2.69,89
1968,PRIVATE,12,2.3,2.35,2.5,81
1968,PRIVATE,17,2.7,2.63,2.75,90
1968,PRIVATE,21,1.7,1.84,2.75,77
1968,PRIVATE,5,2.7,2.16,2.38,77
1968,PRIVATE,6,2.8,2.83,2.79,94
1968,PRIVATE,11,2.8,2.24,2.5,80
1968,PRIVATE,14,2.8,2.63,2.87,92
1968,PRIVATE,16,2.7,2.6,2.87,91
1968,PRIVATE,16,2.8,2.83,3,97
1968,PRIVATE,17,2.8,2.83,2.88,95
1968,PRIVATE,20,2.8,2.8,2.69,91
1968,PRIVATE,20,2.8,2.78,2.69,91
1968,PRIVATE,20,2.8,2.9,2.67,93
1968,PRIVATE,1,2.8,2.67,2.81,92
1968,PRIVATE,5,2.8,2.56,2.75,88
1968,PRIVATE,6,2.7,2.32,2.4,79
1968,PRIVATE,8,2.9,2.75,2.63,89
1968,PRIVATE,9,2.9,2.85,2.69,92
1968,PRIVATE,12,1.9,2.65,2.88,91
1968,PRIVATE,13,2.9,2.6,2.76,90
1968,PRIVATE,13,2.9,2.82,2.93,96
1968,PRIVATE,14,2.9,2.85,2.94,97
1968,PRIVATE,16,2.8,2.74,2.81,93
1968,PRIVATE,18,2.9,2.76,2.8,93
1968,PRIVATE,20,2.7,2.74,2.87,92
1968,PRIVATE,20,2.9,2.86,2.88,96
1968,PRIVATE,21,2.1,2.61,3,93
1968,PRIVATE,22,2.1,2.28,2.88,86
1968,PRIVATE,24,2.9,2.9,2.8,95
1968,PRIVATE,2,2.8,2.61,2.6,87
1968,PRIVATE,3,3,2.85,3,96
1968,PRIVATE,3,3,2.94,2.94,98
1968,PRIVATE,8,2,2.75,2.69,89
1968,PRIVATE,12,3,2.71,2.75,92
1968,PRIVATE,14,3,2.8,2.93,96
1968,PRIVATE,17,3,2.8,2.81,94
1968,PRIVATE,24,3,2.9,2.73,94
1968,PRIVATE,1,2.56,2.79,2.8,93
1968,PRIVATE,2,2.89,2.78,2.87,94
1968,PRIVATE,2,2.89,2.89,2.8,95
1968,PRIVATE,5,2.78,2.65,2.87,92
1968,PRIVATE,6,2.89,2.74,2.53,88
1968,PRIVATE,12,2.89,3,2.94,99
1968,PRIVATE,14,3,2.94,2.92,96
1968,PRIVATE,15,3,2.7,2.93,94
1968,PRIVATE,17,3,2.88,2.88,96
1969,PRIVATE,7,2.1,2.3,2.38,78
1969,PRIVATE,21,1.6,2.37,2,71
1969,PRIVATE,2,2.5,2.3,2.35,77
1969,PRIVATE,6,2.5,2.37,2.5,82
1969,PRIVATE,20,2.6,2.67,2.88,92
1969,PRIVATE,5,2.7,2.76,2.82,93
1969,PRIVATE,13,2.7,2.5,2.69,87
1969,PRIVATE,20,2.7,2.85,2.87,95
1969,PRIVATE,22,2.2,1.59,2.47,70
1969,PRIVATE,8,2.2,2.76,2.5,86
1969,PRIVATE,11,2.4,2.38,2.81,87
1969,PRIVATE,12,2.8,2.75,2.71,91
1969,PRIVATE,13,2.8,2.69,2.57,88
1969,PRIVATE,1,2.7,2.72,2.93,94
1969,PRIVATE,1,2.9,2.8,3,97
1969,PRIVATE,2,2.9,2.95,2.94,98
1969,PRIVATE,4,2.9,2.6,2.63,88
1969,PRIVATE,6,2.9,2.53,2.8,90
1969,PRIVATE,15,2.9,2.9,2.88,95
1969,PRIVATE,16,2.3,2.38,2.69,85
1969,PRIVATE,17,2.9,2.67,2.82,92
1969,PRIVATE,17,2.9,2.95,2.94,98
1969,PRIVATE,21,1.9,2.29,2.87,86
1969,PRIVATE,12,2.8,2.65,2.82,92
1969,PRIVATE,12,3,3,3,100
1969,PRIVATE,13,3,3,2.93,99
1969,PRIVATE,14,3,2.95,3,99
1969,PRIVATE,15,2.2,2.55,2.81,89
1969,PRIVATE,15,3,3,3,100
1969,PRIVATE,21,3,2.89,2.73,94
1969,PRIVATE,4,2.11,2.53,3,92
1969,PRIVATE,4,2.89,2.63,2.82,92
1969,PRIVATE,8,3,2.89,2.87,95
1969,PRIVATE,11,1.89,1.67,2.38,70
1969,PRIVATE,11,2.44,2.5,2.53,84
1969,PRIVATE,16,2.78,2.8,2.94,96
1969,PRIVATE,19,2.56,2.56,2.56,85
1970,PRIVATE,1,2.3,2.11,2.53,78
1970,PRIVATE,10,2.2,2.07,2.42,75
1970,PRIVATE,1,2.5,2.65,2.81,91
1970,PRIVATE,11,2.5,2.37,2.5,82
1970,PRIVATE,19,2.5,2.5,2.69,87
1970,PRIVATE,3,1.6,1.8,1.92,62
1970,PRIVATE,4,2.6,2.5,2.46,83
1970,PRIVATE,5,2.2,2.31,2.47,80
1970,PRIVATE,12,2.3,2.5,2.82,89
1970,PRIVATE,17,2.5,2.32,2.81,85
1970,PRIVATE,19,1.1,1.41,2.65,68
1970,PRIVATE,19,2.2,2.13,2.17,72
1970,PRIVATE,19,2.2,2.2,2.25,74
1970,PRIVATE,3,1.9,2.4,2.92,87
1970,PRIVATE,4,1.7,2.35,2.57,81
1970,PRIVATE,6,2.7,2.68,2.67,89
1970,PRIVATE,7,2.5,2.44,2.53,83
1970,PRIVATE,11,1.7,2.18,2.81,83
1970,PRIVATE,12,2.7,2.75,2.8,92
1970,PRIVATE,15,2.7,2.41,2.44,81
1970,PRIVATE,19,2.7,2.44,2.75,87
1970,PRIVATE,2,2.6,2.47,2.45,82
1970,PRIVATE,2,2.6,2.35,2.6,83
1970,PRIVATE,3,1.8,2.29,2.63,81
1970,PRIVATE,3,2,2.38,2.79,86
1970,PRIVATE,3,1.8,2.53,2.92,88
1970,PRIVATE,5,2.8,2.44,2.8,88
1970,PRIVATE,6,2.8,2.76,2.77,92
1970,PRIVATE,7,2.8,2.71,2.81,92
1970,PRIVATE,12,2.6,2.63,2.88,92
1970,PRIVATE,15,2.8,2.75,2.69,91
1970,PRIVATE,16,2.5,2.39,2.88,89
1970,PRIVATE,19,2.8,2.57,2.69,87
1970,PRIVATE,24,2.8,2.56,2.8,90
1970,PRIVATE,24,2.8,2.72,2.87,93
1970,PRIVATE,2,2.9,2.53,2.46,84
1970,PRIVATE,2,2.1,2.45,2.88,88
1970,PRIVATE,2,2.9,2.83,2.88,94
1970,PRIVATE,2,2.7,2.83,2.93,96
1970,PRIVATE,5,2.9,2.81,3,97
1970,PRIVATE,9,2.5,2.56,2.33,82
1970,PRIVATE,10,2.8,2.81,2.87,95
1970,PRIVATE,14,2.9,2.9,3,98
1970,PRIVATE,14,2.9,2.95,3,99
1970,PRIVATE,15,2.9,2.9,2.93,97
1970,PRIVATE,17,2.9,2.81,2.93,96
1970,PRIVATE,18,2.9,2.89,2.87,96
1970,PRIVATE,20,2.9,2.8,2.53,89
1970,PRIVATE,20,2.9,2.94,2.88,97
1970,PRIVATE,5,2.8,2.38,2.9,88
1970,PRIVATE,5,3,2.68,2.63,89
1970,PRIVATE,12,3,2.94,2.69,93
1970,PRIVATE,14,3,2.95,3,99
1970,PRIVATE,17,3,2.89,2.88,96
1970,PRIVATE,18,3,2.84,2.94,97
1970,PRIVATE,24,3,2.89,2.8,95
1970,PRIVATE,1,2.78,2.56,2.8,88
1970,PRIVATE,6,2.44,2.6,2.86,91
1970,PRIVATE,6,3,2.84,2.67,92
1970,PRIVATE,6,2.89,2.84,2.93,96
1970,PRIVATE,7,2.78,2.63,2.75,90
1970,PRIVATE,11,0.89,1.44,2.08,57
1970,PRIVATE,11,2.56,2.61,2.36,83
1970,PRIVATE,15,2.89,2.52,2.71,88
1970,PRIVATE,15,2.56,2.71,2.71,90
1970,PRIVATE,15,2.89,2.72,2.64,90
1970,PRIVATE,16,3,2.84,3,98
1970,PRIVATE,17,2.22,2.55,2.69,87
1970,PRIVATE,17,2.67,2.53,2.88,91
1970,TCHC,24,2.67,2.2,2.25,75
1970,TCHC,24,2.56,2.15,2.5,79
1970,TCHC,24,2.44,2.4,2.58,83
1971,PRIVATE,11,2.5,2.41,2.19,76
1971,PRIVATE,17,1.7,2.33,2.69,83
1971,PRIVATE,19,2.6,2.61,2.4,82
1971,PRIVATE,19,2.5,2.56,2.67,87
1971,PRIVATE,12,2.7,2.56,2.73,89
1971,PRIVATE,19,2.7,2.68,2.63,88
1971,PRIVATE,22,2.2,2.5,2.88,89
1971,PRIVATE,7,2.7,2.11,2.56,79
1971,PRIVATE,9,2.8,2.58,2.94,93
1971,PRIVATE,19,2.8,2.37,2.63,84
1971,PRIVATE,20,2.8,2.89,2.56,90
1971,PRIVATE,1,2.9,2.63,2.93,93
1971,PRIVATE,2,2.3,2,2.67,79
1971,PRIVATE,5,2.9,2.6,2.81,90
1971,PRIVATE,6,2.9,2.76,2.86,94
1971,PRIVATE,20,2.9,2.4,2.36,81
1971,PRIVATE,21,2.7,2.95,3,99
1971,PRIVATE,3,2,2.59,2.93,91
1971,PRIVATE,17,3,2.81,3,97
1971,PRIVATE,17,2.8,3,2.82,97
1971,PRIVATE,19,3,2.89,2.75,94
1971,PRIVATE,20,3,2.84,2.75,93
1971,PRIVATE,2,2.89,2.84,2.8,94
1971,PRIVATE,2,2.89,2.84,2.8,94
1971,PRIVATE,14,2.89,2.7,2.88,92
1971,PRIVATE,15,2.67,2.39,2.56,83
1971,PRIVATE,19,2.56,2.58,2.71,87
1971,PRIVATE,19,2.78,2.5,2.73,88
1971,PRIVATE,20,2.78,2.63,2.33,83
1971,PRIVATE,20,2.56,2.4,2.75,86
1971,PRIVATE,20,2.56,2.85,2.56,90
1971,TCHC,5,2.4,2.21,2.33,76
1971,TCHC,24,2.4,2.3,2.82,85
1971,TCHC,7,2.5,2.19,2.63,81
1971,TCHC,24,2.6,2.47,2.67,86
1971,TCHC,17,2.4,2.53,2.93,91
1971,TCHC,2,2.56,2.56,2.5,84
1971,TCHC,17,2.67,2.74,2.93,94
1971,TCHC,22,2,2.14,2.56,77
1971,TCHC,22,1.44,1.95,2.71,77
1972,PRIVATE,7,2.4,2.25,2.25,75
1972,PRIVATE,6,1.6,2.13,2.42,74
1972,PRIVATE,7,2.6,2.26,2.31,77
1972,PRIVATE,13,2.3,2.37,2.5,81
1972,PRIVATE,24,2.6,2.72,2.8,91
1972,PRIVATE,6,2.7,2.75,2.75,92
1972,PRIVATE,7,2.7,2.5,2.25,79
1972,PRIVATE,7,2.7,2.56,2.31,81
1972,PRIVATE,24,2.7,2.61,2.87,92
1972,PRIVATE,7,2.6,2.11,2.44,77
1972,PRIVATE,24,2.8,2.78,2.73,92
1972,PRIVATE,1,2.7,2.58,2.56,86
1972,PRIVATE,15,2.9,2.91,2.82,95
1972,PRIVATE,20,2.9,2.95,2.94,98
1972,PRIVATE,20,2.9,3,2.88,98
1972,PRIVATE,21,3,3,2.75,96
1972,PRIVATE,21,2.8,2.89,2.93,97
1972,PRIVATE,7,2.11,2.11,2.47,76
1972,PRIVATE,7,2.33,2.22,2.44,78
1972,PRIVATE,17,2.67,2.65,2.88,92
1972,TCHC,20,2.3,2.33,2.6,82
1972,TCHC,25,2.6,2.74,2.73,91
1972,TCHC,7,2.1,2.1,2.5,77
1972,TCHC,7,2.7,2.55,2.5,84
1972,TCHC,21,2.3,2.58,2.75,88
1972,TCHC,24,2.7,2.11,2.64,79
1972,TCHC,13,2.6,2.5,2.73,87
1972,TCHC,24,2.8,2.28,2.33,77
1972,TCHC,6,2.78,2.61,2.67,88
1972,TCHC,20,2.89,2.71,2.94,95
1973,PRIVATE,7,2.6,2.5,2.58,85
1973,PRIVATE,13,2.7,2.5,2.73,88
1973,PRIVATE,13,2.9,3,2.93,99
1973,PRIVATE,3,3,2.94,2.94,98
1973,PRIVATE,12,3,2.95,2.94,97
1973,PRIVATE,12,3,2.9,3,99
1973,PRIVATE,2,3,2.81,2.88,95
1973,PRIVATE,4,2.44,2.68,2.63,88
1973,PRIVATE,7,3,2.6,2.54,86
1973,PRIVATE,7,2.67,2.5,2.73,88
1973,PRIVATE,14,2.89,2.75,2.93,95
1973,TCHC,13,2.8,2.78,2.71,92
1973,TCHC,17,2.6,2.47,2.67,86
1973,TCHC,17,2.6,2.25,2.53,81
1973,TCHC,17,2.6,2.25,2.67,83
1973,TCHC,14,3,2.88,2.93,97
1973,TCHC,17,2.7,2.06,2.67,81.1
1973,TCHC,17,2.7,2.36,2.5,82
1973,TCHC,1,2.56,2.45,2.57,84
1973,TCHC,5,2.56,2.53,2.83,89
1974,PRIVATE,17,1.7,2.2,2.69,81
1974,PRIVATE,7,2.3,2.11,2.63,80
1974,PRIVATE,7,2.6,2.79,2.75,92
1974,PRIVATE,7,2.89,2.89,2.87,96
1974,PRIVATE,22,2.4,2.48,2.75,87
1974,PRIVATE,1,2.8,2.81,2.8,93
1974,PRIVATE,2,2.8,2.7,2.87,93
1974,PRIVATE,7,2.8,2.45,2.53,84
1974,PRIVATE,7,2.8,2.5,2.6,86
1974,PRIVATE,21,2.8,3,2.87,97
1974,PRIVATE,22,2.8,2.8,2.63,90
1974,PRIVATE,8,2.9,2.76,2.47,87
1974,PRIVATE,8,2.9,2.89,2.56,91
1974,PRIVATE,20,2.9,2.85,2.63,91
1974,PRIVATE,20,2.9,2.81,2.88,95
1974,PRIVATE,22,2.9,2.65,2.81,92
1974,PRIVATE,22,2.9,2.7,2.88,93
1974,PRIVATE,22,2.9,2.8,2.88,95
1974,PRIVATE,22,2.9,2.9,3,98
1974,PRIVATE,2,2.9,2.78,3,96
1974,PRIVATE,2,3,2.9,2.88,97
1974,PRIVATE,3,2.8,2.68,2.87,93
1974,PRIVATE,15,3,2.73,2.71,91
1974,PRIVATE,3,2.56,2.33,2.73,85
1974,PRIVATE,5,2.78,2.7,3,95
1974,PRIVATE,8,3,2.68,2.73,91
1974,TCHC,25,2.4,2.37,2.67,83
1974,TCHC,8,2.7,2.67,2.53,87
1974,TCHC,24,2.7,2.42,2.67,84
1974,TCHC,5,2.9,2.79,2.94,96
1974,TCHC,8,0.89,1.95,2.6,74
1974,TCHC,18,2.89,2.75,3,96
1975,PRIVATE,24,2.6,2.35,2.5,81
1975,PRIVATE,4,2.5,2.4,2.79,87
1975,PRIVATE,5,2.7,2.78,2.93,95
1975,PRIVATE,12,2.9,2.9,2.94,97
1975,PRIVATE,13,3,2.9,2.56,91
1975,PRIVATE,7,2.22,2.26,2.19,74
1975,PRIVATE,8,2.89,3,2.85,97
1975,PRIVATE,18,2.89,2.74,2.93,94
1975,PRIVATE,25,2.89,2.5,2.71,88
1975,PRIVATE,25,2.89,2.53,2.67,88
1975,PRIVATE,25,3,2.6,2.87,92
1975,PRIVATE,25,2.89,2.73,2.8,93
1975,PRIVATE,25,3,2.69,2.86,93
1975,PRIVATE,25,2.89,2.8,2.8,94
1975,PRIVATE,25,3,2.8,2.93,96
1975,TCHC,13,2.8,2.75,2.75,91
1975,TCHC,22,2.6,2.7,2.94,94
1975,TCHC,22,2.6,2.85,2.94,96
1976,PRIVATE,18,2.4,2.25,2.81,85
1976,PRIVATE,1,2.7,2.86,2.8,94
1976,PRIVATE,1,2.6,2.76,2.94,95
1976,PRIVATE,4,2.8,2.89,2.73,94
1976,PRIVATE,20,2.8,2.9,2.82,95
1976,PRIVATE,20,2.9,2.95,2.94,98
1976,PRIVATE,1,3,2.84,2.87,95
1976,PRIVATE,16,3,2.75,2.94,95
1977,PRIVATE,19,2.6,2.5,2.75,88
1977,PRIVATE,3,2.5,2.32,2.73,85
1977,PRIVATE,5,2.7,2.26,2.8,84
1977,PRIVATE,5,2.3,2.47,2.67,85
1977,PRIVATE,2,2.8,2.38,2.29,78
1977,PRIVATE,11,2.8,2.8,2.94,96
1977,PRIVATE,13,2.9,2.52,2.88,91
1977,PRIVATE,4,3,2.88,2.6,91
1977,PRIVATE,6,3,2.69,2.77,92
1977,PRIVATE,24,2.56,2.44,2.67,82
1977,TCHC,24,2.8,2.85,2.94,96
1977,TCHC,12,2.78,2.7,2.75,91
1978,PRIVATE,4,1.4,2.43,2.38,78
1978,PRIVATE,22,2.7,2.45,2.53,84
1978,PRIVATE,1,2.9,2.65,2.69,89
1978,PRIVATE,7,3,2.81,2.56,90
1978,PRIVATE,6,2.89,2.95,2.93,98
1978,PRIVATE,13,2.67,2.3,2.6,82
1978,TCHC,13,2.4,2.42,2.53,83
1979,PRIVATE,4,2.2,2.36,2.62,83
1979,PRIVATE,23,2.6,2.56,2.8,90
1979,PRIVATE,23,2.7,2.61,2.73,89
1979,PRIVATE,6,2.8,2.8,2.63,90
1979,PRIVATE,2,2.9,2.84,2.94,97
1979,PRIVATE,13,2.9,3,2.75,95
1979,PRIVATE,24,2.9,2.68,2.87,92
1979,PRIVATE,5,2.8,2.74,3,96
1979,PRIVATE,11,3,2.63,2.6,88
1979,PRIVATE,25,3,2.65,3,95
1979,PRIVATE,13,2.78,2.75,2.93,95
1979,TCHC,11,2.7,2.67,2.75,90
1979,TCHC,20,2.8,2.85,2.8,94
1979,TCHC,17,2.7,2.55,2.88,91
1979,TCHC,3,2.1,2.38,2.94,88
1979,TCHC,10,2.56,2.39,2.79,87
1979,TCHC,10,2.67,2.75,2.71,91
1980,PRIVATE,11,1.4,1.29,2,53
1980,PRIVATE,12,2.4,2.56,2.94,92
1980,PRIVATE,5,2.8,2.42,2.94,90
1980,PRIVATE,13,3,3,2.88,98
1980,PRIVATE,19,2.11,2.27,2.82,84
1980,TCHC,7,2,2.45,2.75,86
1980,TCHC,11,2.8,2.72,2.81,90
1980,TCHC,13,2.9,2.65,2.73,90
1980,TCHC,13,2.9,2.7,2.73,91
1980,TCHC,17,2.3,2.9,2.87,95
1980,TCHC,21,2.7,2.72,2.93,94
1980,TCHC,21,2.7,2.74,2.93,95
1980,TCHC,3,2.78,2.65,2.67,89
1980,TCHC,10,2.33,2.38,2.38,79
1981,PRIVATE,2,2.9,2.9,3,98
1981,PRIVATE,11,2.33,2.38,2.88,88
1981,TCHC,12,2.6,2.62,2.81,91
1981,TCHC,12,2.89,2.78,2.69,90
1982,PRIVATE,16,2.8,2.85,2.8,94
1982,PRIVATE,20,2.9,2.53,2.69,88
1982,TCHC,10,2.89,2.58,2.86,91
1982,TCHC,13,2.89,2.81,2.93,96
1983,TCHC,12,2.8,2.84,2.81,94
1983,TCHC,15,2.8,3,2.8,96
1983,TCHC,5,2.8,2.67,2.75,91
1983,TCHC,12,2.7,2.53,2.94,92
1983,TCHC,8,2.89,2.9,3,98
1983,TCHC,10,2.67,2.58,2.87,91
1984,PRIVATE,5,1.56,1.88,2.3,68
1984,TCHC,1,2.4,2.58,2.73,88
1984,TCHC,7,2.1,2.05,2.44,75
1984,TCHC,13,3,3,2.94,99
1984,TCHC,1,2.67,2.7,2.71,90
1984,TCHC,11,2.67,2.58,2.81,90
1985,PRIVATE,11,1.6,1.53,2.18,62
1985,PRIVATE,9,2.44,2.07,2.36,75
1985,PRIVATE,18,2.89,3,3,100
1985,TCHC,13,2.3,2.59,2.27,81
1985,TCHC,13,2.8,2.61,2.73,90
1985,TCHC,8,2.9,2.89,2.93,97
1985,TCHC,11,2.33,2.55,2.57,85
1986,PRIVATE,11,2.7,2.71,2.67,89
1986,PRIVATE,14,1.8,2.42,2.56,80
1986,PRIVATE,17,2.3,2.9,2.94,96
1986,PRIVATE,4,3,2.84,2.6,91
1986,TCHC,13,2.1,2.26,2.4,77
1986,TCHC,14,2.78,2.84,2.81,94
1986,TCHC,18,2.44,2.57,2.8,89
1987,TCHC,15,1.9,2.5,2.53,83
1988,SOCIAL HOUSING,13,2.6,2.39,2.71,86
1988,SOCIAL HOUSING,19,1.9,2.32,2.67,82
1988,SOCIAL HOUSING,13,2.9,2.59,2.77,90
1988,SOCIAL HOUSING,14,3,2.95,3,99
1988,SOCIAL HOUSING,8,3,2.86,2.75,94
1988,TCHC,14,2.8,2.57,2.63,87
1989,SOCIAL HOUSING,11,1.8,2.27,2.73,83
1989,SOCIAL HOUSING,19,2.6,2.33,2.56,82
1989,SOCIAL HOUSING,14,2.8,2.79,2.92,95
1989,SOCIAL HOUSING,1,2.9,2.53,2.87,91
1989,SOCIAL HOUSING,6,2.9,2.58,2.86,91
1989,SOCIAL HOUSING,14,2.9,2.87,2.8,94
1989,SOCIAL HOUSING,14,2.9,2.93,2.92,97
1989,SOCIAL HOUSING,16,3,2.67,2.81,92
1989,TCHC,11,2.6,2.8,2.81,92
1989,TCHC,19,2.5,2.67,2.44,85
1989,TCHC,4,2.6,2.78,2.88,94
1989,TCHC,11,2.9,3,2.85,97
1989,TCHC,14,3,2.8,2.79,94
1990,PRIVATE,14,1.5,1.47,1.77,54
1990,SOCIAL HOUSING,4,2.8,2.63,2.81,91
1990,SOCIAL HOUSING,4,2.8,2.89,2.87,96
1990,SOCIAL HOUSING,14,3,3,2.93,99
1990,SOCIAL HOUSING,14,1.44,1.82,2.23,67
1990,TCHC,15,2.7,2.64,2.63,88
1991,SOCIAL HOUSING,13,2.5,2.47,2.54,84
1991,SOCIAL HOUSING,13,2.5,2.65,2.57,87
1991,SOCIAL HOUSING,13,3,2.94,2.86,97
1991,SOCIAL HOUSING,19,2.89,2.95,2.87,97
1991,TCHC,10,2.8,2.65,2.8,90
1992,PRIVATE,11,2.9,2.8,2.93,96
1992,PRIVATE,9,2.9,2.8,2.87,94
1992,SOCIAL HOUSING,9,0.8,0.94,1.8,46
1992,SOCIAL HOUSING,4,2.5,2.52,2.64,86
1992,SOCIAL HOUSING,12,1.7,2.27,2.57,80
1992,SOCIAL HOUSING,4,2.6,2.39,2.79,87
1992,SOCIAL HOUSING,20,2.4,2.75,2.81,92
1992,SOCIAL HOUSING,14,1.5,2.32,2.75,83
1992,SOCIAL HOUSING,25,2.7,2.57,2.93,93
1992,SOCIAL HOUSING,25,2.9,2.56,2.87,91
1992,SOCIAL HOUSING,4,3,3,3,100
1992,SOCIAL HOUSING,18,2.8,2.9,3,98
1992,SOCIAL HOUSING,19,3,2.77,2.88,95
1992,SOCIAL HOUSING,25,3,2.71,2.93,95
1992,SOCIAL HOUSING,1,3,2.95,2.93,98
1992,SOCIAL HOUSING,8,2.56,2.5,2.71,87
1992,SOCIAL HOUSING,24,3,2.8,3,97
1992,SOCIAL HOUSING,25,2.78,2.53,2.8,89
1992,SOCIAL HOUSING,25,2.89,2.57,2.87,92
1992,SOCIAL HOUSING,25,2.78,2.72,2.93,95
1992,TCHC,9,2.5,2.85,2.8,94
1992,TCHC,19,1.2,1.48,2.81,70
1992,TCHC,3,2.9,2.7,2.93,94
1993,SOCIAL HOUSING,7,2.1,2.53,2.5,83
1993,SOCIAL HOUSING,13,2.6,2.93,2.81,95
1993,SOCIAL HOUSING,5,2.4,2.55,3,92
1993,SOCIAL HOUSING,12,2.6,2.57,2.88,91
1993,SOCIAL HOUSING,14,2.8,2.7,2.93,94
1993,SOCIAL HOUSING,9,2.8,2.61,2.71,89
1993,SOCIAL HOUSING,21,2.6,2.58,2.87,91
1993,SOCIAL HOUSING,3,3,2.86,3,98
1993,SOCIAL HOUSING,12,2.89,2.41,2.94,91
1993,SOCIAL HOUSING,23,2.89,2.75,2.93,95
1993,TCHC,10,2.4,2.53,2.75,87
1993,TCHC,12,2.7,2.75,2.8,92
1993,TCHC,13,2.8,2.65,2.64,89
1993,TCHC,19,2.4,2.57,2.5,84
1993,TCHC,14,1.7,2.26,2.25,74
1993,TCHC,25,2.9,2.86,2.94,97
1993,TCHC,13,3,2.84,2.94,97
1994,SOCIAL HOUSING,5,2.6,2.62,3,93
1994,SOCIAL HOUSING,7,2.8,2.42,2.69,86
1994,SOCIAL HOUSING,14,2.8,3,2.81,96
1994,SOCIAL HOUSING,24,2.9,2.81,2.87,95
1994,SOCIAL HOUSING,5,2.8,2.37,2.8,87
1994,SOCIAL HOUSING,16,2.2,2.62,2.94,92
1994,SOCIAL HOUSING,19,3,2.84,2.88,96
1994,SOCIAL HOUSING,10,0.67,1.64,1.91,57
1994,SOCIAL HOUSING,13,2.78,2.65,2.8,91
1994,TCHC,13,2.3,2.47,2.56,84
1994,TCHC,9,2.7,2.62,2.88,92
1994,TCHC,1,2.11,2.29,2.73,84
1994,TCHC,13,2.78,2.58,2.57,86
1995,SOCIAL HOUSING,19,2.6,2.71,2.46,86
1995,SOCIAL HOUSING,9,2.8,2.82,2.94,96
1995,SOCIAL HOUSING,13,2.8,2.65,2.79,91
1995,SOCIAL HOUSING,14,2,2.33,2.67,83
1995,SOCIAL HOUSING,5,3,2.61,2.73,90
1996,PRIVATE,12,2.67,2.56,2.77,89
1996,SOCIAL HOUSING,5,2.6,2.61,2.6,87
1996,SOCIAL HOUSING,18,2.2,2.72,2.93,93
1996,SOCIAL HOUSING,5,2.9,2.85,2.94,97
1996,SOCIAL HOUSING,14,2.89,2.74,2.63,90
1996,SOCIAL HOUSING,18,2.89,2.65,2.93,93
1997,SOCIAL HOUSING,10,2.67,2.6,2.64,87
1999,PRIVATE,12,2.3,2.85,2.94,96
2002,SOCIAL HOUSING,19,2.9,2.95,2.86,97
2002,SOCIAL HOUSING,14,2.67,2.75,2.85,93
2003,PRIVATE,18,3,2.95,3,99
2003,SOCIAL HOUSING,8,3,2.95,2.93,98
2003,SOCIAL HOUSING,9,2.88,3,2.9,98
2004,SOCIAL HOUSING,14,2.7,2.7,2.53,87
2005,PRIVATE,6,3,3,2.88,98
2005,PRIVATE,8,2.78,2.89,2.88,96
2005,PRIVATE,13,3,2.89,2.93,97
2005,SOCIAL HOUSING,13,2.9,2.78,2.77,93
2005,SOCIAL HOUSING,13,3,2.89,2.79,95
2005,SOCIAL HOUSING,25,3,2.89,3,98
2005,SOCIAL HOUSING,10,2.89,2.71,2.93,94
2006,PRIVATE,9,2.4,1.9,2.27,70
2006,PRIVATE,17,2.5,2.67,2.75,90
2006,PRIVATE,15,3,3,2.93,99
2006,TCHC,13,2.67,2.47,2.38,81
2006,TCHC,13,2.67,2.44,2.55,83
2006,TCHC,13,2.67,2.71,2.8,89
2007,PRIVATE,11,2.89,2.65,2.81,92
2007,PRIVATE,13,3,2.85,2.87,96
2007,SOCIAL HOUSING,19,2.6,2.88,2.69,92
2007,SOCIAL HOUSING,9,2,2.27,2.42,77
2008,PRIVATE,9,1.78,2.69,2.85,91
2008,PRIVATE,15,2.89,2.8,2.93,96
2008,TCHC,7,2.2,2.1,2.31,74
2008,TCHC,7,2.7,2.72,2.53,87
2008,TCHC,14,3,2.94,2.93,98
2009,SOCIAL HOUSING,12,1.8,2.29,2.63,82
2009,TCHC,13,2.7,2.55,2.8,89
2009,TCHC,13,2.89,2.74,2.69,90
2009,TCHC,13,2.89,2.63,2.8,90
2010,PRIVATE,15,3,3,2.93,99
2010,PRIVATE,18,3,2.9,3,99
2010,PRIVATE,12,2.78,2.71,2.94,95
2010,PRIVATE,17,3,2.8,2.94,96
2010,TCHC,13,3,2.74,2.85,94
2011,SOCIAL HOUSING,11,2.4,2.37,2.75,86
2012,PRIVATE,3,2.9,3,3,100
2012,PRIVATE,18,2.6,2.85,3,97
2012,PRIVATE,22,3,3,3,100
2012,SOCIAL HOUSING,13,2.6,2.14,2.64,80
2012,SOCIAL HOUSING,13,2.56,2.41,2.64,85
2012,SOCIAL HOUSING,14,2.89,3,2.86,97
2013,PRIVATE,16,2.1,2.53,2.93,90
2013,PRIVATE,13,3,2.95,3,99
2013,PRIVATE,17,2.89,3,2.94,99
2014,TCHC,13,2.8,2.89,2.93,97
2015,PRIVATE,12,3,2.95,3,99
2015,PRIVATE,15,3,2.95,3,99
2015,PRIVATE,17,2.78,2.9,2.93,97
2015,TCHC,13,2.89,2.89,2.87,96
2016,PRIVATE,15,3,2.95,3,99
2016,PRIVATE,7,3,2.95,3,99
2016,PRIVATE,9,2.78,2.86,2.92,96
2016,SOCIAL HOUSING,13,3,2.89,3,98
2016,SOCIAL HOUSING,20,3,2.84,3,98
2017,PRIVATE,11,3,3,3,100
2017,PRIVATE,12,3,3,3,100
2017,PRIVATE,12,3,3,3,100
2017,PRIVATE,7,3,2.95,3,99
2018,PRIVATE,11,3,2.9,2.94,97
2018,PRIVATE,12,2.6,2.82,3,97
2018,PRIVATE,13,3,3,3,100
2018,PRIVATE,5,2.67,2.78,2.88,94
2018,TCHC,8,2.44,2.67,3,94
2019,PRIVATE,3,2.6,2.6,3,94
2019,PRIVATE,8,3,2.74,3,96
2019,PRIVATE,10,2.9,2.9,3,98
2019,PRIVATE,12,3,2.95,3,99
2019,PRIVATE,17,2.56,2.63,2.88,92
2020,PRIVATE,11,3,2.89,2.94,98
2020,PRIVATE,15,3,3,3,100
2020,PRIVATE,18,2.78,2.94,2.93,98
2021,PRIVATE,9,3,3,3,100
2021,PRIVATE,9,2.89,2.94,3,99
2021,PRIVATE,10,3,2.89,3,98
2021,PRIVATE,10,3,3,2.93,99
2021,PRIVATE,11,2.78,2.95,2.93,98
2021,PRIVATE,11,3,2.89,3,99
2021,PRIVATE,13,3,3,3,100
2021,PRIVATE,13,3,3,3,100
2022,PRIVATE,10,3,3,3,100
2022,PRIVATE,15,3,3,3,100
2022,PRIVATE,2,3,2.85,2.94,97
2022,PRIVATE,11,2.89,2.95,3,99
2023,PRIVATE,16,2.8,2.84,2.94,96