PROPERTY TYPE,YEAR BUILT,CONFIRMED UNITS,CURRENT BUILDING EVAL SCORE,LATITUDE,LONGITUDE
PRIVATE,1954,10,17,43.6833549123,-79.4823636932
TCHC,1954,36,28,43.6747928439,-79.3073203588
PRIVATE,1934,15,30,43.6722400679,-79.3102957191
TCHC,1967,38,37,43.6847616076,-79.2954429245
PRIVATE,1955,36,42,43.689555816,-79.3860183305
PRIVATE,1964,103,43,43.7423318181,-79.3064455289
SOCIAL HOUSING,1992,13,46,43.669760121,-79.458975993
PRIVATE,1925,11,54,43.682584046,-79.425180892
PRIVATE,1990,15,54,43.6810655936,-79.3460950974
PRIVATE,1980,37,55,43.683765055,-79.391818533
PRIVATE,1965,12,56,43.671588843,-79.324094142
PRIVATE,1970,12,57,43.662511227,-79.417002758
SOCIAL HOUSING,1994,18,57,43.6499453573,-79.411506674
PRIVATE,1927,11,58,43.682454983,-79.425041007
PRIVATE,1970,29,62,43.5964677735,-79.5233498233
PRIVATE,1985,24,62,43.654019244,-79.397253793
PRIVATE,1968,105,63,43.670727396,-79.401650658
PRIVATE,1922,16,64,43.639101299,-79.44211187
PRIVATE,1960,62,64,43.704347801,-79.297293072
PRIVATE,1964,12,64,43.675371432,-79.31815704
PRIVATE,1964,80,64,43.7176295755,-79.5558080485
PRIVATE,1967,325,64,43.717205556,-79.336050418
PRIVATE,1907,11,65,43.66211133,-79.412263301
PRIVATE,1920,29,65,43.6730490225,-79.2843149122
PRIVATE,1955,21,65,43.5927621745,-79.527405433
PRIVATE,1955,58,65,43.701461008,-79.440472942
PRIVATE,1958,12,65,43.668927772,-79.315350573
PRIVATE,1966,284,65,43.7151786936,-79.3352789539
PRIVATE,1900,16,66,43.672241558,-79.414621827
PRIVATE,1945,26,66,43.683920089,-79.443972936
PRIVATE,1950,40,66,43.692447216,-79.482711179
PRIVATE,1959,84,66,43.706994795,-79.295836771
PRIVATE,1960,21,66,43.6422400128,-79.4533563133
PRIVATE,1960,12,66,43.731762015,-79.434811008
PRIVATE,1924,21,67,43.654816959,-79.460940647
PRIVATE,1939,10,67,43.704097821,-79.365180559
PRIVATE,1940,31,67,43.716861761,-79.400725208
PRIVATE,1950,54,67,43.692294791,-79.482440365
PRIVATE,1951,11,67,43.678247289,-79.440459346
PRIVATE,1951,12,67,43.7111330736,-79.3081363101
PRIVATE,1957,10,67,43.7308261841,-79.4370615952
PRIVATE,1967,416,67,43.757066149,-79.426922307
SOCIAL HOUSING,1990,25,67,43.66557523,-79.321020795
PRIVATE,1898,42,68,43.666610495,-79.400824313
PRIVATE,1929,60,68,43.665901023,-79.381806918
PRIVATE,1950,12,68,43.7110804111,-79.4781906555
PRIVATE,1959,18,68,43.69067643,-79.448458776
PRIVATE,1970,59,68,43.6871475081,-79.3130882633
PRIVATE,1984,11,68,43.719614507,-79.4809196284
PRIVATE,1928,32,69,43.6844655265,-79.4205577721
SOCIAL HOUSING,1930,19,69,43.6830936206,-79.4174370824
PRIVATE,1953,28,69,43.6921996331,-79.4792336091
PRIVATE,1955,42,69,43.6112488436,-79.4897028689
PRIVATE,1956,15,69,43.7307078351,-79.4377714103
PRIVATE,1964,204,69,43.7404974664,-79.3102350058
TCHC,1992,108,69,43.67824727,-79.302446163
PRIVATE,1900,15,70,43.636657078,-79.440488524
PRIVATE,1920,24,70,43.6725074759,-79.286877033
PRIVATE,1930,10,70,43.702327897,-79.39779527
PRIVATE,1947,34,70,43.711639,-79.394802088
PRIVATE,1950,10,70,43.6934431734,-79.4823929149
PRIVATE,1951,11,70,43.7109797077,-79.3082535422
PRIVATE,1953,11,70,43.7098157296,-79.5063954435
PRIVATE,1954,11,70,43.7096923975,-79.5068983102
PRIVATE,1956,11,70,43.7301212379,-79.4376331135
PRIVATE,1960,18,70,43.65203632,-79.426145736
PRIVATE,1967,118,70,43.7272498456,-79.4852956
PRIVATE,1969,26,70,43.673636335,-79.391647025
PRIVATE,1969,37,70,43.7812689661,-79.2952353294
PRIVATE,2006,171,70,43.666313356,-79.446687913
PRIVATE,1929,19,71,43.6804983237,-79.4302086848
PRIVATE,1950,33,71,43.6866154943,-79.4200162678
PRIVATE,1950,46,71,43.7606277472,-79.289722515
PRIVATE,1952,29,71,43.6844140268,-79.4441626996
PRIVATE,1954,29,71,43.718310388,-79.435578125
TCHC,1957,31,71,43.721282345,-79.44523975
PRIVATE,1958,16,71,43.715203739,-79.359687151
PRIVATE,1962,10,71,43.722615158,-79.306619676
PRIVATE,1965,21,71,43.6722063299,-79.2908934269
PRIVATE,1968,12,71,43.733936256,-79.484144321
PRIVATE,1969,72,71,43.7322696922,-79.2741030573
PRIVATE,1913,12,72,43.675054533,-79.433043883
PRIVATE,1919,18,72,43.668063591,-79.413898107
PRIVATE,1923,16,72,43.6593044,-79.438898745
PRIVATE,1930,27,72,43.6723206085,-79.2877515365
PRIVATE,1954,11,72,43.743260449,-79.4368250474
PRIVATE,1956,28,72,43.6921471253,-79.4794625352
PRIVATE,1957,12,72,43.7308620481,-79.4833771869
PRIVATE,1964,67,72,43.7478559496,-79.4370573738
PRIVATE,1965,82,72,43.6389025378,-79.4370268337
PRIVATE,1965,41,72,43.7043490054,-79.523801614
PRIVATE,1967,332,72,43.7034875556,-79.3402691534
PRIVATE,1968,96,72,43.6641619553,-79.3792187274
PRIVATE,1970,16,72,43.667724652,-79.31265581
PRIVATE,1940,15,73,43.722781904,-79.4147683838
PRIVATE,1958,26,73,43.6354822227,-79.4882224103
PRIVATE,1960,38,73,43.696203167,-79.446372358
PRIVATE,1960,31,73,43.707880094,-79.302844655
PRIVATE,1960,12,73,43.7361423501,-79.3497718848
PRIVATE,1965,15,73,43.7119743399,-79.4627656492
PRIVATE,1967,245,73,43.6994166431,-79.51287144
PRIVATE,1967,231,73,43.7038823265,-79.4401320066
TCHC,1969,183,73,43.695629657,-79.302310982
PRIVATE,1918,13,74,43.690570503,-79.400460705
PRIVATE,1920,29,74,43.6731276017,-79.2840966944
PRIVATE,1950,34,74,43.69095169,-79.470613783
TCHC,1957,31,74,43.7196194362,-79.4407985931
PRIVATE,1958,11,74,43.698110145,-79.440043712
PRIVATE,1958,26,74,43.717376692,-79.479654033
PRIVATE,1958,10,74,43.735937772,-79.439651849
PRIVATE,1960,90,74,43.635845468,-79.435931917
PRIVATE,1960,40,74,43.6678896371,-79.406592558
PRIVATE,1960,26,74,43.709007221,-79.376131167
PRIVATE,1960,48,74,43.716980201,-79.400164813
PRIVATE,1961,33,74,43.668763043,-79.406936141
PRIVATE,1964,287,74,43.701969776,-79.345105079
PRIVATE,1965,380,74,43.70045036,-79.344507259
PRIVATE,1970,16,74,43.668304546,-79.312459034
TCHC,1970,15,74,43.7631593909,-79.2047559
PRIVATE,1972,11,74,43.7296930914,-79.4831794143
PRIVATE,1972,263,74,43.749810629,-79.543432658
TCHC,1974,48,74,43.729844838,-79.439645351
PRIVATE,1975,291,74,43.773718226,-79.522486744
TCHC,1993,51,74,43.662426775,-79.336914688
TCHC,2008,15,74,43.752199466,-79.543966801
PRIVATE,1917,10,75,43.6396109365,-79.4394716965
PRIVATE,1920,18,75,43.6726703072,-79.2866950453
PRIVATE,1920,16,75,43.6731843525,-79.2839314584
PRIVATE,1923,32,75,43.689052402,-79.41208972
PRIVATE,1926,11,75,43.659758114,-79.434864769
PRIVATE,1928,48,75,43.668210902,-79.381025994
PRIVATE,1940,14,75,43.687961104,-79.269766888
PRIVATE,1950,29,75,43.6852037341,-79.4451995496
PRIVATE,1954,23,75,43.697269464,-79.4763543388
PRIVATE,1956,11,75,43.732489237,-79.434967025
PRIVATE,1957,12,75,43.732993608,-79.435337662
PRIVATE,1958,55,75,43.7207964113,-79.5055990345
PRIVATE,1959,44,75,43.7010486833,-79.4499999014
PRIVATE,1960,12,75,43.693721495,-79.303248784
PRIVATE,1960,26,75,43.696310244,-79.506587145
PRIVATE,1960,10,75,43.7044391867,-79.4423269927
PRIVATE,1960,12,75,43.731056948,-79.463881566
PRIVATE,1960,10,75,43.736011622,-79.439339913
PRIVATE,1961,59,75,43.7351335266,-79.2685742385
PRIVATE,1965,41,75,43.735849503,-79.484562864
PRIVATE,1966,106,75,43.6952829956,-79.4482618257
PRIVATE,1968,12,75,43.692368796,-79.302666418
TCHC,1969,213,75,43.7624910264,-79.2104930971
PRIVATE,1970,24,75,43.651369768,-79.401162282
TCHC,1970,128,75,43.760034357,-79.229764837
SOCIAL HOUSING,1975,77,75,43.7031497325,-79.3474623763
TCHC,1984,176,75,43.733312244,-79.537225843
PRIVATE,1985,30,75,43.658992821,-79.442456173
PRIVATE,1900,28,76,43.6683620869,-79.3786856506
PRIVATE,1911,12,76,43.649465465,-79.432097969
PRIVATE,1925,16,76,43.668032007,-79.377921381
PRIVATE,1925,30,76,43.6684598397,-79.3083945127
PRIVATE,1951,12,76,43.6974801662,-79.5092622699
PRIVATE,1952,12,76,43.687577379,-79.348481091
PRIVATE,1952,12,76,43.6972925811,-79.3074870563
PRIVATE,1952,11,76,43.736373339,-79.484931855
PRIVATE,1955,22,76,43.6865568405,-79.422647444
PRIVATE,1957,27,76,43.6391002088,-79.4927582679
PRIVATE,1958,11,76,43.7449473955,-79.4355426861
PRIVATE,1959,20,76,43.7305607276,-79.3055621564
PRIVATE,1960,47,76,43.6158682454,-79.4878084713
PRIVATE,1960,11,76,43.7305618491,-79.4356927596
TCHC,1971,326,76,43.6991400934,-79.5152292852
PRIVATE,1972,370,76,43.762581653,-79.504256907
SOCIAL HOUSING,1987,45,76,43.662252242,-79.406937302
PRIVATE,1890,11,77,43.669877229,-79.403530164
PRIVATE,1900,74,77,43.638769687,-79.444880485
PRIVATE,1905,24,77,43.668834904,-79.404273749
PRIVATE,1912,38,77,43.639607448,-79.440903239
PRIVATE,1927,17,77,43.655410321,-79.395355053
PRIVATE,1930,26,77,43.7029512593,-79.3889169498
PRIVATE,1947,29,77,43.6345619465,-79.4922664925
PRIVATE,1950,51,77,43.638068798,-79.563940807
PRIVATE,1950,12,77,43.686360032,-79.446741086
PRIVATE,1951,12,77,43.6576935815,-79.3718742304
PRIVATE,1954,31,77,43.7193022696,-79.5173252308
PRIVATE,1954,54,77,43.7297667593,-79.3043160261
PRIVATE,1954,12,77,43.736711483,-79.48501293
PRIVATE,1955,57,77,43.7025056164,-79.3120345151
PRIVATE,1956,29,77,43.7077721579,-79.3852319597
PRIVATE,1959,10,77,43.714044601,-79.452602064
PRIVATE,1959,115,77,43.749611484,-79.54723458
PRIVATE,1960,44,77,43.636122132,-79.439605046
PRIVATE,1960,45,77,43.6926109398,-79.4780640156
PRIVATE,1961,77,77,43.740395354,-79.270793343
PRIVATE,1962,57,77,43.7552410078,-79.4893788755
PRIVATE,1964,109,77,43.711076734,-79.397812745
PRIVATE,1964,250,77,43.7414399001,-79.231653804
PRIVATE,1968,267,77,43.688636624,-79.50342902
PRIVATE,1968,142,77,43.7475535553,-79.282547131
TCHC,1971,201,77,43.779266937,-79.323413406
PRIVATE,1972,92,77,43.7565404948,-79.489787514
TCHC,1972,374,77,43.760168119,-79.507896791
TCHC,1986,132,77,43.65837995,-79.373485597
SOCIAL HOUSING,2007,14,77,43.655569612,-79.426134024
PRIVATE,1900,17,78,43.6364714077,-79.4388819579
PRIVATE,1900,36,78,43.710106124,-79.40052975
SOCIAL HOUSING,1910,23,78,43.640425518,-79.436224414
PRIVATE,1914,16,78,43.653685383,-79.466255527
PRIVATE,1920,25,78,43.672858863,-79.411257309
PRIVATE,1926,52,78,43.6880599836,-79.4241419779
PRIVATE,1937,97,78,43.687792561,-79.397433948
PRIVATE,1940,14,78,43.68817271,-79.269435846
PRIVATE,1944,16,78,43.71515813,-79.359256459
PRIVATE,1948,26,78,43.6783605408,-79.3950701921
PRIVATE,1954,28,78,43.6177159242,-79.4864921975
PRIVATE,1954,18,78,43.71394552,-79.364462065
PRIVATE,1955,63,78,43.688402926,-79.401606294
PRIVATE,1955,39,78,43.6964637317,-79.4032380661
PRIVATE,1956,11,78,43.719032062,-79.4807128716
PRIVATE,1956,11,78,43.732579372,-79.43469867
PRIVATE,1957,46,78,43.706451929,-79.478254085
TCHC,1957,31,78,43.719157062,-79.442145009
PRIVATE,1958,15,78,43.687956879,-79.491393198
PRIVATE,1958,24,78,43.753413504,-79.452055484
PRIVATE,1960,24,78,43.6728164425,-79.3184832171
PRIVATE,1960,39,78,43.6812983085,-79.4909278516
PRIVATE,1960,34,78,43.6867361824,-79.3548678509
PRIVATE,1961,251,78,43.741069981,-79.31303466
PRIVATE,1962,32,78,43.689996633,-79.411502636
PRIVATE,1964,38,78,43.744563537,-79.493977594
PRIVATE,1967,207,78,43.7089112814,-79.4794304788
PRIVATE,1969,177,78,43.7577107844,-79.4909188845
TCHC,1971,203,78,43.778310557,-79.323533534
PRIVATE,1972,258,78,43.750621289,-79.544032103
TCHC,1972,185,78,43.76703953,-79.195497441
PRIVATE,1977,22,78,43.663342704,-79.521030395
PRIVATE,1978,36,78,43.6377806623,-79.4379497225
PRIVATE,1914,13,79,43.6492006854,-79.4505020154
SOCIAL HOUSING,1916,15,79,43.682380018,-79.417661578
PRIVATE,1917,28,79,43.668954869,-79.380480475
PRIVATE,1929,24,79,43.652849679,-79.469860803
PRIVATE,1938,54,79,43.687399651,-79.398937696
TCHC,1941,36,79,43.7014745383,-79.4245394908
PRIVATE,1947,12,79,43.6843811107,-79.4210952142
PRIVATE,1950,23,79,43.6148862856,-79.4869596111
PRIVATE,1950,19,79,43.6528825044,-79.4321278569
PRIVATE,1950,31,79,43.708358407,-79.3011672055
PRIVATE,1950,12,79,43.7099657266,-79.4779872702
PRIVATE,1951,13,79,43.711282299,-79.3080213624
PRIVATE,1953,11,79,43.7314312704,-79.4622110913
PRIVATE,1954,31,79,43.7191256895,-79.5181150514
PRIVATE,1955,12,79,43.715706646,-79.4800366
PRIVATE,1957,202,79,43.647785657,-79.5258528138
TCHC,1957,30,79,43.7187381977,-79.4460430714
PRIVATE,1957,12,79,43.731732755,-79.438166679
PRIVATE,1959,67,79,43.7010141421,-79.44216061
PRIVATE,1960,11,79,43.6015075472,-79.4980054523
PRIVATE,1960,29,79,43.690686289,-79.455914851
PRIVATE,1960,21,79,43.707964508,-79.50552763
PRIVATE,1960,10,79,43.731679003,-79.438369878
PRIVATE,1961,86,79,43.744527226,-79.2154577667
PRIVATE,1963,118,79,43.589265093,-79.531395181
TCHC,1964,300,79,43.65586332,-79.366647156
PRIVATE,1964,47,79,43.734306073,-79.433720291
PRIVATE,1964,110,79,43.7552486601,-79.2439639688
PRIVATE,1965,24,79,43.733771348,-79.433653399
PRIVATE,1965,92,79,43.747732393,-79.310648196
TCHC,1968,352,79,43.66925972,-79.457795659
PRIVATE,1968,60,79,43.7728864941,-79.4432661421
TCHC,1970,31,79,43.763475642,-79.2053061322
PRIVATE,1971,140,79,43.640023653,-79.563923317
PRIVATE,1971,156,79,43.750094613,-79.516913628
PRIVATE,1972,263,79,43.7240484372,-79.5118150261
TCHC,1980,15,79,43.646859159,-79.369670022
PRIVATE,1920,21,80,43.6726715141,-79.286127172
PRIVATE,1931,31,80,43.6882314978,-79.4129731553
PRIVATE,1940,45,80,43.6494614357,-79.495683937
PRIVATE,1940,25,80,43.685357359,-79.419609008
PRIVATE,1940,17,80,43.713606404,-79.397782703
PRIVATE,1950,18,80,43.705683574,-79.402178392
PRIVATE,1950,10,80,43.7200316288,-79.5141632262
PRIVATE,1950,12,80,43.7233585034,-79.508865507
PRIVATE,1953,26,80,43.639476269,-79.491647816
PRIVATE,1955,12,80,43.729460131,-79.483123472
PRIVATE,1956,13,80,43.704897465,-79.361903925
PRIVATE,1956,15,80,43.708477676,-79.3002028238
PRIVATE,1956,11,80,43.7300610328,-79.4379110526
PRIVATE,1957,39,80,43.6350512379,-79.4924601948
TCHC,1957,31,80,43.718613593,-79.442694709
PRIVATE,1957,10,80,43.7312468474,-79.4350947761
PRIVATE,1958,25,80,43.687311357,-79.423463821
PRIVATE,1958,55,80,43.6890952984,-79.4358713128
PRIVATE,1958,21,80,43.7207617209,-79.5064382692
PRIVATE,1958,42,80,43.7210302198,-79.5035704823
PRIVATE,1959,39,80,43.7022933387,-79.4396596089
PRIVATE,1960,35,80,43.664763936,-79.378128487
PRIVATE,1960,23,80,43.6919981634,-79.4636000249
PRIVATE,1960,69,80,43.7279658085,-79.3179887258
TCHC,1962,147,80,43.6805240722,-79.2921137026
PRIVATE,1962,58,80,43.7071746852,-79.2972112317
PRIVATE,1963,66,80,43.7393268153,-79.2437802418
PRIVATE,1965,193,80,43.7449791335,-79.2174778122
PRIVATE,1966,36,80,43.6770075216,-79.3095598488
PRIVATE,1967,105,80,43.671558224,-79.401099408
PRIVATE,1967,214,80,43.7089535721,-79.4805254034
PRIVATE,1968,48,80,43.669299729,-79.400091636
PRIVATE,1968,154,80,43.745263651,-79.583968046
PRIVATE,1970,12,80,43.6964928212,-79.4764300653
TCHC,1972,185,80,43.767386062,-79.193922136
PRIVATE,1974,169,80,43.7657384442,-79.5109534837
SOCIAL HOUSING,1992,10,80,43.674876223,-79.429093939
PRIVATE,1905,16,81,43.672764209,-79.2883036582
PRIVATE,1921,13,81,43.663704356,-79.327142442
PRIVATE,1925,15,81,43.6803978497,-79.286124564
PRIVATE,1927,20,81,43.6703285166,-79.302100905
PRIVATE,1930,46,81,43.6873886469,-79.4223427951
PRIVATE,1930,25,81,43.708337092,-79.392297556
PRIVATE,1938,32,81,43.68592338,-79.418139695
PRIVATE,1941,41,81,43.725849397,-79.401345968
TCHC,1948,48,81,43.66223715,-79.361553726
PRIVATE,1950,11,81,43.690864521,-79.265477585
PRIVATE,1950,14,81,43.704214042,-79.373842189
PRIVATE,1950,16,81,43.7508224875,-79.4620209197
PRIVATE,1953,38,81,43.6655032213,-79.5211831074
PRIVATE,1954,26,81,43.721948279,-79.433346456
PRIVATE,1954,54,81,43.7303493806,-79.3045356684
PRIVATE,1956,24,81,43.637708415,-79.493537791
PRIVATE,1956,11,81,43.6831377116,-79.4805570748
TCHC,1957,31,81,43.719074422,-79.441290791
PRIVATE,1957,12,81,43.731256414,-79.438819074
PRIVATE,1960,63,81,43.6684734257,-79.4081015431
TCHC,1960,42,81,43.682986595,-79.311994302
PRIVATE,1960,77,81,43.7029007633,-79.3484372243
TCHC,1961,25,81,43.662525313,-79.371459917
PRIVATE,1961,47,81,43.6991965655,-79.478055589
PRIVATE,1962,81,81,43.7607627903,-79.3217087274
PRIVATE,1965,371,81,43.644918456,-79.435885913
PRIVATE,1965,11,81,43.7307766314,-79.4372931994
PRIVATE,1965,153,81,43.7388442337,-79.578720865
PRIVATE,1966,243,81,43.750896864,-79.31418886
PRIVATE,1967,25,81,43.646232595,-79.473567835
PRIVATE,1968,188,81,43.6724874723,-79.4924156199
PRIVATE,1968,121,81,43.678668475,-79.550611679
PRIVATE,1968,86,81,43.695129788,-79.4469525657
PRIVATE,1968,80,81,43.723649067,-79.492914942
PRIVATE,1968,305,81,43.763477245,-79.345900416
PRIVATE,1970,38,81,43.6433287042,-79.4525126324
TCHC,1970,719,81,43.6680628106,-79.3736609333
PRIVATE,1970,39,81,43.711262957,-79.3919924
TCHC,1970,238,81,43.753748768,-79.48953565
PRIVATE,1971,11,81,43.7001107344,-79.2530513006
TCHC,1971,188,81,43.7543465007,-79.5161715175
SOCIAL HOUSING,1972,96,81,43.675546866,-79.398129089
PRIVATE,1972,466,81,43.7243235641,-79.5147486407
TCHC,1973,16,81,43.790919576,-79.368770753
PRIVATE,1974,201,81,43.7682616864,-79.348101055
PRIVATE,1975,114,81,43.7631364672,-79.2079803013
SOCIAL HOUSING,1987,39,81,43.638479863,-79.428775043
SOCIAL HOUSING,1987,97,81,43.680524762,-79.3102839398
TCHC,2006,47,81,43.662405994,-79.360720129
SOCIAL HOUSING,2009,30,81,43.6870772647,-79.4223633104
TCHC,1973,16,81,43.791324582,-79.369928562
PRIVATE,1910,10,82,43.678231531,-79.440608667
PRIVATE,1927,19,82,43.691667031,-79.396207889
PRIVATE,1928,12,82,43.6691053883,-79.2911282812
PRIVATE,1940,15,82,43.6783240562,-79.2996212727
PRIVATE,1949,11,82,43.742014423,-79.4373039157
PRIVATE,1950,10,82,43.7104582053,-79.4787969775
PRIVATE,1951,12,82,43.7114376749,-79.3078956606
PRIVATE,1952,27,82,43.6369236012,-79.4910603874
PRIVATE,1952,109,82,43.709488115,-79.402619009
PRIVATE,1954,71,82,43.691392389,-79.392540864
PRIVATE,1955,13,82,43.592642046,-79.527957262
PRIVATE,1955,42,82,43.6869765748,-79.4221588918
PRIVATE,1956,12,82,43.7299426047,-79.4600970756
PRIVATE,1956,11,82,43.7424088558,-79.4365679178
PRIVATE,1957,17,82,43.6748716677,-79.2794749048
PRIVATE,1957,25,82,43.7031541679,-79.4167347676
TCHC,1957,31,82,43.722049816,-79.445755583
PRIVATE,1957,12,82,43.731503933,-79.438923714
TCHC,1959,106,82,43.64915521,-79.432415582
PRIVATE,1959,187,82,43.6979738679,-79.4763948236
PRIVATE,1959,117,82,43.749436556,-79.548159932
PRIVATE,1960,30,82,43.639823941,-79.451749578
PRIVATE,1960,76,82,43.7025432153,-79.3472542795
PRIVATE,1960,11,82,43.7031059337,-79.4169030631
PRIVATE,1960,22,82,43.704142239,-79.366275358
PRIVATE,1960,12,82,43.7111056713,-79.4789091508
PRIVATE,1960,11,82,43.7321402537,-79.4838447849
PRIVATE,1960,10,82,43.7416935323,-79.5396641026
PRIVATE,1962,41,82,43.634604022,-79.426092351
TCHC,1962,255,82,43.6460539737,-79.5307204915
PRIVATE,1962,60,82,43.702195489,-79.343701311
PRIVATE,1962,90,82,43.706628986,-79.487496518
PRIVATE,1962,42,82,43.7077057177,-79.4544291704
PRIVATE,1963,45,82,43.73108456,-79.576700252
PRIVATE,1965,76,82,43.743403556,-79.494536418
PRIVATE,1966,174,82,43.669133539,-79.405620062
PRIVATE,1967,246,82,43.6990639559,-79.5119719596
PRIVATE,1968,32,82,43.638981971,-79.431049799
PRIVATE,1968,218,82,43.7587124736,-79.4913415398
TCHC,1969,447,82,43.656559247,-79.46738141
PRIVATE,1969,170,82,43.770708386,-79.45171713
PRIVATE,1970,23,82,43.6154404667,-79.4878892475
PRIVATE,1970,17,82,43.6646897872,-79.5237237327
PRIVATE,1970,170,82,43.6667874217,-79.4051232115
PRIVATE,1970,20,82,43.6893077444,-79.4610170083
TCHC,1972,217,82,43.726954137,-79.252290284
TCHC,1973,16,82,43.790397172,-79.369820172
SOCIAL HOUSING,1975,297,82,43.7960933089,-79.3168137535
PRIVATE,1978,514,82,43.670031447,-79.375487343
SOCIAL HOUSING,1983,141,82,43.770916893,-79.45390216
PRIVATE,1986,86,82,43.688818076,-79.350241642
SOCIAL HOUSING,1988,48,82,43.6883174325,-79.3025563055
SOCIAL HOUSING,1989,174,82,43.678997338,-79.321136292
SOCIAL HOUSING,1995,17,82,43.663039249,-79.32501186
PRIVATE,1900,20,83,43.6380072384,-79.4380349647
PRIVATE,1927,35,83,43.663016124,-79.375476419
PRIVATE,1933,24,83,43.6845459232,-79.4192018121
PRIVATE,1935,18,83,43.642859163,-79.431385378
PRIVATE,1938,32,83,43.686006092,-79.417750526
PRIVATE,1943,32,83,43.6856480126,-79.4188899965
PRIVATE,1945,24,83,43.714859025,-79.36014009
PRIVATE,1950,32,83,43.6846976154,-79.4212142152
PRIVATE,1950,29,83,43.6929246755,-79.4786023031
PRIVATE,1950,16,83,43.7186903951,-79.5590804197
PRIVATE,1950,46,83,43.737742938,-79.343010941
PRIVATE,1951,37,83,43.692977471,-79.48134741
PRIVATE,1951,36,83,43.693064312,-79.482178967
PRIVATE,1951,12,83,43.7089625626,-79.3097891975
PRIVATE,1951,11,83,43.7425559066,-79.436710293
PRIVATE,1953,37,83,43.703054654,-79.310513888
PRIVATE,1953,62,83,43.7074440123,-79.4262923027
PRIVATE,1954,73,83,43.689065755,-79.419580207
PRIVATE,1954,18,83,43.7091752019,-79.3105723901
PRIVATE,1954,26,83,43.732195062,-79.3052538634
PRIVATE,1955,12,83,43.715915672,-79.480081979
PRIVATE,1957,12,83,43.6000004031,-79.5135618333
PRIVATE,1959,64,83,43.7010927419,-79.4506862658
PRIVATE,1960,45,83,43.637025183,-79.54003296
PRIVATE,1960,130,83,43.6722506898,-79.4935197463
PRIVATE,1960,28,83,43.6895758413,-79.4611447354
PRIVATE,1960,61,83,43.7266882298,-79.3178088353
PRIVATE,1960,12,83,43.732014889,-79.434846428
PRIVATE,1960,93,83,43.74317239,-79.541078057
PRIVATE,1962,24,83,43.689658208,-79.413490669
PRIVATE,1962,101,83,43.7611222484,-79.3926873718
PRIVATE,1963,96,83,43.707214984,-79.486164406
TCHC,1964,54,83,43.665548195,-79.425655665
PRIVATE,1964,44,83,43.744692136,-79.494559581
PRIVATE,1965,122,83,43.634517342,-79.428882498
PRIVATE,1965,221,83,43.6567631321,-79.4631452755
PRIVATE,1965,129,83,43.6937773713,-79.446160477
PRIVATE,1966,52,83,43.7337528982,-79.3068920324
PRIVATE,1966,90,83,43.7493403661,-79.5494302616
PRIVATE,1967,28,83,43.646159833,-79.473952107
PRIVATE,1970,78,83,43.6676214521,-79.4054920342
PRIVATE,1970,60,83,43.696411866,-79.541932687
PRIVATE,1970,53,83,43.7602548577,-79.5002027299
TCHC,1970,20,83,43.7630131413,-79.2041400469
PRIVATE,1971,11,83,43.7006703636,-79.2528221569
PRIVATE,1971,500,83,43.7072324001,-79.3412260815
TCHC,1973,16,83,43.791143455,-79.368819925
TCHC,1978,174,83,43.657174343,-79.370798412
TCHC,1987,105,83,43.714039592,-79.39939307
SOCIAL HOUSING,1989,24,83,43.662679383,-79.421476232
SOCIAL HOUSING,1992,41,83,43.6876986854,-79.3490675447
SOCIAL HOUSING,1993,166,83,43.747070571,-79.562597925
TCHC,2006,54,83,43.662770772,-79.35927116
PRIVATE,1920,18,84,43.705449145,-79.40329655
PRIVATE,1930,27,84,43.6367650301,-79.4389483513
PRIVATE,1930,48,84,43.655531643,-79.454594071
PRIVATE,1930,24,84,43.6628515298,-79.4210660752
PRIVATE,1930,17,84,43.7009995731,-79.4241109809
PRIVATE,1932,24,84,43.6851006268,-79.4195107328
PRIVATE,1935,13,84,43.647552675,-79.489042942
PRIVATE,1950,12,84,43.7112636498,-79.4790421102
PRIVATE,1950,10,84,43.7198292201,-79.5150038908
PRIVATE,1951,12,84,43.7115823084,-79.307772958
PRIVATE,1954,30,84,43.6380615683,-79.4937696446
PRIVATE,1954,22,84,43.6383246227,-79.4863398937
PRIVATE,1954,11,84,43.7434226552,-79.4370080631
PRIVATE,1955,46,84,43.6109821847,-79.4903809388
PRIVATE,1955,25,84,43.7303895479,-79.4363698619
PRIVATE,1955,11,84,43.7418342537,-79.4371971572
PRIVATE,1956,11,84,43.732486121,-79.437718612
PRIVATE,1957,41,84,43.726185855,-79.402998395
PRIVATE,1958,18,84,43.5965098168,-79.5007071218
PRIVATE,1958,35,84,43.669364101,-79.407141875
PRIVATE,1958,26,84,43.708920433,-79.384300946
PRIVATE,1958,23,84,43.71442413,-79.362206452
PRIVATE,1958,55,84,43.7208314192,-79.5060339376
PRIVATE,1959,23,84,43.635816472,-79.491575949
SOCIAL HOUSING,1959,24,84,43.670497618,-79.313073089
PRIVATE,1960,39,84,43.653020008,-79.451921964
PRIVATE,1960,13,84,43.701030915,-79.25119809
PRIVATE,1960,86,84,43.7234367633,-79.4949764367
PRIVATE,1961,65,84,43.7290106156,-79.2769309728
PRIVATE,1961,67,84,43.7402910045,-79.3084921125
PRIVATE,1962,65,84,43.733390855,-79.347625086
PRIVATE,1963,100,84,43.7589413888,-79.2213676768
PRIVATE,1965,26,84,43.702756083,-79.4397938426
PRIVATE,1965,19,84,43.7034048782,-79.4948376318
PRIVATE,1965,52,84,43.709548032,-79.3831759737
PRIVATE,1965,54,84,43.7522249865,-79.4034227428
PRIVATE,1966,284,84,43.651457871,-79.39239786
TCHC,1966,92,84,43.717195772,-79.300999236
PRIVATE,1966,48,84,43.744081781,-79.495035439
PRIVATE,1967,38,84,43.640711037,-79.446594143
PRIVATE,1969,216,84,43.671869216,-79.406368935
PRIVATE,1970,17,84,43.636889686,-79.5635303983
PRIVATE,1971,324,84,43.687596199,-79.301189477
TCHC,1971,14,84,43.693720176,-79.516153969
TCHC,1972,201,84,43.7420099966,-79.5008716177
TCHC,1973,162,84,43.701195372,-79.547954529
TCHC,1974,345,84,43.7679927406,-79.185350274
PRIVATE,1978,153,84,43.801480967,-79.302703022
PRIVATE,1980,12,84,43.7097824646,-79.3100193403
SOCIAL HOUSING,1991,26,84,43.662450948,-79.368026345
TCHC,1993,48,84,43.6797322246,-79.3217059206
TCHC,1994,35,84,43.6656354324,-79.386388138
TCHC,1994,204,84,43.720003879,-79.603372534
PRIVATE,1904,32,85,43.661081408,-79.412672813
PRIVATE,1927,40,85,43.690921109,-79.342650483
PRIVATE,1929,18,85,43.679681068,-79.433946431
PRIVATE,1930,24,85,43.692681862,-79.396819192
PRIVATE,1930,27,85,43.713530331,-79.398012046
PRIVATE,1931,29,85,43.635897529,-79.432069219
PRIVATE,1935,32,85,43.689292945,-79.413320297
PRIVATE,1937,18,85,43.6871107357,-79.4206390043
SOCIAL HOUSING,1950,28,85,43.6667648172,-79.3456335069
PRIVATE,1950,11,85,43.6932514595,-79.4827536797
PRIVATE,1950,38,85,43.6985850004,-79.3720164996
PRIVATE,1950,10,85,43.699334797,-79.40593461
PRIVATE,1950,32,85,43.736205215,-79.44139433
PRIVATE,1950,11,85,43.738740299,-79.3434691076
PRIVATE,1952,12,85,43.6026815249,-79.5170398804
PRIVATE,1952,10,85,43.69920941,-79.40587277
PRIVATE,1954,22,85,43.688072015,-79.49346772
PRIVATE,1955,23,85,43.6009687445,-79.499480988
PRIVATE,1955,26,85,43.6497102952,-79.498711457
PRIVATE,1955,18,85,43.6500799543,-79.484335634
PRIVATE,1955,272,85,43.723761725,-79.402367148
PRIVATE,1956,12,85,43.6831820527,-79.4807822687
PRIVATE,1956,85,85,43.7083504804,-79.4265525477
PRIVATE,1957,23,85,43.6016913741,-79.5154841711
TCHC,1957,30,85,43.717910324,-79.443368577
PRIVATE,1958,35,85,43.6386262832,-79.4911761302
PRIVATE,1958,48,85,43.662865718,-79.504063965
PRIVATE,1958,66,85,43.675718937,-79.3175243078
PRIVATE,1959,62,85,43.665065952,-79.4034815
PRIVATE,1959,28,85,43.7284977107,-79.2991802272
PRIVATE,1960,61,85,43.684203196,-79.4203922096
PRIVATE,1960,10,85,43.6898644553,-79.4968078854
PRIVATE,1960,25,85,43.6932353032,-79.4795788454
PRIVATE,1960,110,85,43.701234202,-79.441021952
PRIVATE,1960,64,85,43.7270536549,-79.3169518381
PRIVATE,1961,62,85,43.7346483486,-79.268437993
PRIVATE,1962,103,85,43.6840527547,-79.565694704
PRIVATE,1962,65,85,43.7601853527,-79.3232568581
PRIVATE,1964,121,85,43.706670217,-79.39061631
PRIVATE,1964,56,85,43.7190096,-79.330401851
PRIVATE,1965,221,85,43.6568780412,-79.4624258737
PRIVATE,1965,30,85,43.722654944,-79.5130447411
PRIVATE,1965,13,85,43.753481576,-79.453303954
PRIVATE,1965,133,85,43.7621440095,-79.5199371956
PRIVATE,1966,188,85,43.7430013291,-79.1969715203
PRIVATE,1967,297,85,43.717178707,-79.332997055
PRIVATE,1967,45,85,43.729325196,-79.57582247
PRIVATE,1967,219,85,43.7606174266,-79.3350540559
TCHC,1969,301,85,43.668827347,-79.373701881
PRIVATE,1969,128,85,43.687299065,-79.300651307
PRIVATE,1969,83,85,43.7547279598,-79.3146445734
PRIVATE,1974,310,85,43.6464029439,-79.5294506955
TCHC,1974,375,85,43.7672342065,-79.1888137161
PRIVATE,1976,366,85,43.763239637,-79.409191362
PRIVATE,1977,184,85,43.648139694,-79.5237605383
PRIVATE,1977,40,85,43.6911592011,-79.5020724213
PRIVATE,1977,95,85,43.713102856,-79.479638531
PRIVATE,1977,254,85,43.749222652,-79.2207962727
TCHC,1989,128,85,43.6792629925,-79.3201512401
SOCIAL HOUSING,2012,32,85,43.65908018,-79.366823235
PRIVATE,1920,65,86,43.6660925039,-79.3867723149
PRIVATE,1929,72,86,43.6596564148,-79.3760533854
PRIVATE,1930,40,86,43.6844296831,-79.4244100118
PRIVATE,1932,16,86,43.6754276016,-79.277427743
PRIVATE,1935,40,86,43.705544597,-79.402852447
PRIVATE,1939,34,86,43.6883914125,-79.4208539018
PRIVATE,1941,52,86,43.695042733,-79.423481948
PRIVATE,1950,10,86,43.7106272814,-79.4788634923
PRIVATE,1952,63,86,43.688177664,-79.401518522
TCHC,1953,42,86,43.6391465077,-79.4377377181
PRIVATE,1953,14,86,43.701599074,-79.527506087
PRIVATE,1953,11,86,43.7118457801,-79.3075659646
PRIVATE,1954,30,86,43.6361245275,-79.4924603306
PRIVATE,1954,44,86,43.714141454,-79.363440204
PRIVATE,1955,19,86,43.6869650941,-79.420416441
TCHC,1956,75,86,43.710430484,-79.397121509
PRIVATE,1956,11,86,43.722488216,-79.2987114556
PRIVATE,1957,96,86,43.75259236,-79.261009026
PRIVATE,1958,63,86,43.673524685,-79.402146258
PRIVATE,1958,50,86,43.712405306,-79.397432102
PRIVATE,1958,79,86,43.7287077114,-79.2659054509
PRIVATE,1959,20,86,43.635705894,-79.436502748
PRIVATE,1959,49,86,43.685428165,-79.409063969
PRIVATE,1959,12,86,43.7099171147,-79.309915823
PRIVATE,1960,24,86,43.6389598462,-79.4872934251
PRIVATE,1960,45,86,43.6390524323,-79.4890660176
SOCIAL HOUSING,1960,77,86,43.653817451,-79.40412163
PRIVATE,1960,17,86,43.6929377292,-79.454744586
PRIVATE,1960,42,86,43.6987192629,-79.476784436
PRIVATE,1960,33,86,43.7369856,-79.446046582
PRIVATE,1960,11,86,43.7389927297,-79.3435489971
PRIVATE,1961,31,86,43.6721092112,-79.3028387259
PRIVATE,1961,120,86,43.694890667,-79.293643202
PRIVATE,1961,58,86,43.7194706389,-79.2404320451
PRIVATE,1961,48,86,43.732886366,-79.347858504
PRIVATE,1962,56,86,43.635752524,-79.429340078
PRIVATE,1962,34,86,43.6962315888,-79.3689911694
PRIVATE,1962,24,86,43.705269832,-79.4911827537
PRIVATE,1963,12,86,43.7312520976,-79.4835802979
PRIVATE,1963,66,86,43.739359679,-79.2426271
PRIVATE,1963,74,86,43.7715767413,-79.4441039119
PRIVATE,1965,152,86,43.6904194773,-79.350649972
PRIVATE,1966,319,86,43.7061382965,-79.341500497
PRIVATE,1966,40,86,43.7610772976,-79.5211616748
PRIVATE,1967,230,86,43.6854489,-79.4209261641
PRIVATE,1967,175,86,43.686628503,-79.4207223391
PRIVATE,1968,144,86,43.7474006174,-79.5159466744
PRIVATE,1968,52,86,43.7810845583,-79.2961863382
PRIVATE,1969,11,86,43.732716826,-79.436724648
PRIVATE,1969,33,86,43.7343403668,-79.2681240316
PRIVATE,1970,44,86,43.610690629,-79.48977037
PRIVATE,1970,223,86,43.7709054792,-79.3819188744
PRIVATE,1971,11,86,43.700017847,-79.2530664991
TCHC,1971,378,86,43.7808585866,-79.2318241185
TCHC,1971,198,86,43.787815708,-79.196116635
TCHC,1973,16,86,43.790476393,-79.369185506
PRIVATE,1974,154,86,43.769263441,-79.522810626
TCHC,1980,137,86,43.752566895,-79.518797427
SOCIAL HOUSING,1985,39,86,43.7602553262,-79.1959527881
SOCIAL HOUSING,1988,60,86,43.6582200015,-79.3706451728
SOCIAL HOUSING,1992,21,86,43.665100576,-79.461595606
TCHC,1994,55,86,43.6579290015,-79.3745956527
SOCIAL HOUSING,1994,59,86,43.752235605,-79.488646145
SOCIAL HOUSING,1995,13,86,43.669807539,-79.31766252
SOCIAL HOUSING,2011,50,86,43.656141544,-79.386162853
PRIVATE,1911,27,87,43.649350674,-79.429532272
PRIVATE,1917,48,87,43.636238103,-79.439018826
PRIVATE,1923,16,87,43.671968236,-79.29178994
PRIVATE,1928,68,87,43.682095678,-79.400866283
PRIVATE,1929,12,87,43.691956596,-79.39570523
PRIVATE,1930,16,87,43.6621204502,-79.4285552093
PRIVATE,1930,12,87,43.6839669504,-79.4195812784
PRIVATE,1931,38,87,43.6617262315,-79.3719593369
PRIVATE,1943,25,87,43.6649891625,-79.5216401905
PRIVATE,1949,18,87,43.6503326449,-79.4973659893
PRIVATE,1949,15,87,43.6839132294,-79.276016525
PRIVATE,1950,34,87,43.6740184548,-79.3778037961
PRIVATE,1950,11,87,43.730975673,-79.4363599981
PRIVATE,1952,26,87,43.6090936183,-79.4886161506
PRIVATE,1952,48,87,43.648996752,-79.494971996
PRIVATE,1952,34,87,43.686670483,-79.374860081
PRIVATE,1952,33,87,43.736271595,-79.44053564
TCHC,1954,52,87,43.710473457,-79.391890313
PRIVATE,1955,33,87,43.6988240231,-79.4343514595
PRIVATE,1956,66,87,43.635394732,-79.434902995
PRIVATE,1957,23,87,43.6403890443,-79.4907013619
PRIVATE,1957,15,87,43.6503199258,-79.4985552052
PRIVATE,1959,61,87,43.634373643,-79.435343202
PRIVATE,1959,59,87,43.6856691737,-79.4040338654
PRIVATE,1960,28,87,43.589021479,-79.544011345
PRIVATE,1960,80,87,43.635361871,-79.429350661
PRIVATE,1960,91,87,43.635459046,-79.435749561
PRIVATE,1960,26,87,43.6369083236,-79.4291371749
PRIVATE,1960,27,87,43.6370716153,-79.4291933844
PRIVATE,1960,221,87,43.668460296,-79.379959886
PRIVATE,1960,11,87,43.6737471581,-79.3071214297
PRIVATE,1960,57,87,43.6995188546,-79.4773216595
PRIVATE,1960,10,87,43.700640322,-79.406500628
PRIVATE,1960,78,87,43.703726864,-79.423164634
PRIVATE,1960,19,87,43.7189166403,-79.5582979655
PRIVATE,1960,81,87,43.7228254392,-79.4948470378
PRIVATE,1960,84,87,43.723087588,-79.4957736371
PRIVATE,1960,36,87,43.723413773,-79.431088371
PRIVATE,1960,60,87,43.7269029771,-79.3160560854
PRIVATE,1960,11,87,43.7308134722,-79.4346272545
PRIVATE,1960,19,87,43.733381348,-79.432711537
PRIVATE,1960,12,87,43.736202426,-79.34939102
PRIVATE,1960,33,87,43.736228569,-79.446122884
PRIVATE,1961,110,87,43.705350718,-79.424543299
PRIVATE,1962,47,87,43.697934721,-79.38501268
PRIVATE,1962,17,87,43.7198931386,-79.5585311012
PRIVATE,1962,72,87,43.761230364,-79.335262791
PRIVATE,1963,79,87,43.685922856,-79.406920969
TCHC,1963,47,87,43.693937882,-79.516889548
PRIVATE,1963,49,87,43.7525712767,-79.4059855057
TCHC,1964,223,87,43.705953312,-79.279044598
PRIVATE,1965,75,87,43.670080063,-79.405495723
PRIVATE,1965,104,87,43.706292347,-79.422652894
PRIVATE,1966,112,87,43.743508705,-79.31620178
PRIVATE,1966,38,87,43.744045267,-79.495145792
PRIVATE,1967,12,87,43.6009938518,-79.5179299016
PRIVATE,1967,145,87,43.70588244,-79.3966793
TCHC,1967,198,87,43.7155652564,-79.3046724013
PRIVATE,1967,138,87,43.7409655734,-79.2446148639
PRIVATE,1968,32,87,43.6373133386,-79.564053632
PRIVATE,1969,571,87,43.668417741,-79.370443646
PRIVATE,1969,381,87,43.6708658247,-79.3728064407
PRIVATE,1969,64,87,43.672709905,-79.40239631
PRIVATE,1970,113,87,43.6989642067,-79.2987112919
PRIVATE,1970,139,87,43.6991544673,-79.2978100309
PRIVATE,1970,246,87,43.7002035696,-79.2982003313
TCHC,1970,128,87,43.759551821,-79.230166356
PRIVATE,1970,128,87,43.768469253,-79.382764906
PRIVATE,1971,159,87,43.695136718,-79.290535808
PRIVATE,1971,108,87,43.6983104689,-79.2983347125
TCHC,1972,469,87,43.663061381,-79.357756445
TCHC,1974,253,87,43.701879441,-79.441477074
PRIVATE,1974,319,87,43.709758914,-79.401471688
PRIVATE,1974,197,87,43.7836229712,-79.2962340967
PRIVATE,1975,36,87,43.659567595,-79.480099741
TCHC,1979,350,87,43.6448379761,-79.5277127601
TCHC,1979,196,87,43.64755666,-79.370208586
SOCIAL HOUSING,1984,200,87,43.641079014,-79.427700755
SOCIAL HOUSING,1987,112,87,43.7328892774,-79.3065969199
SOCIAL HOUSING,1991,29,87,43.6587482686,-79.3702105377
SOCIAL HOUSING,1992,94,87,43.655863811,-79.455984017
SOCIAL HOUSING,1992,111,87,43.7399850336,-79.423996848
SOCIAL HOUSING,1994,100,87,43.7061669759,-79.4914250122
SOCIAL HOUSING,1996,132,87,43.6796722353,-79.4718686985
SOCIAL HOUSING,1997,128,87,43.647312711,-79.372960844
SOCIAL HOUSING,2004,32,87,43.690476097,-79.342379981
TCHC,2009,180,87,43.65255869,-79.365341193
SOCIAL HOUSING,1900,76,88,43.653659388,-79.372693049
PRIVATE,1920,32,88,43.6840547809,-79.4209132292
PRIVATE,1925,14,88,43.688801405,-79.410854956
PRIVATE,1927,15,88,43.689202016,-79.411218672
PRIVATE,1928,15,88,43.682181393,-79.419497914
PRIVATE,1930,15,88,43.658966191,-79.373018745
PRIVATE,1930,23,88,43.679604386,-79.434318956
PRIVATE,1930,26,88,43.713477488,-79.398290281
SOCIAL HOUSING,1940,12,88,43.6831736405,-79.3030579348
PRIVATE,1948,22,88,43.687863917,-79.4206373441
PRIVATE,1949,11,88,43.7422145294,-79.437433562
PRIVATE,1950,10,88,43.690864521,-79.265477585
PRIVATE,1950,28,88,43.728243017,-79.398104988
PRIVATE,1950,11,88,43.7388622795,-79.3416192822
PRIVATE,1952,40,88,43.736611247,-79.439571975
PRIVATE,1954,12,88,43.735338064,-79.484558662
PRIVATE,1955,25,88,43.6020354915,-79.5156367545
PRIVATE,1955,67,88,43.636155565,-79.435158153
PRIVATE,1955,15,88,43.7088608349,-79.38577257
PRIVATE,1955,21,88,43.7214377467,-79.4800527755
PRIVATE,1956,22,88,43.635353724,-79.49124561
PRIVATE,1956,28,88,43.636923954,-79.436212784
PRIVATE,1957,60,88,43.6027168332,-79.4930979742
PRIVATE,1957,37,88,43.6378675818,-79.4294602213
PRIVATE,1957,97,88,43.689882743,-79.435179809
PRIVATE,1957,111,88,43.752739742,-79.261076892
PRIVATE,1959,16,88,43.6157071247,-79.4949147117
PRIVATE,1959,37,88,43.685487692,-79.27497005
PRIVATE,1960,49,88,43.638729619,-79.564232582
PRIVATE,1960,55,88,43.680371012,-79.299397904
PRIVATE,1960,71,88,43.7040327966,-79.3417955997
PRIVATE,1960,105,88,43.7066838334,-79.5040013996
PRIVATE,1960,18,88,43.720768502,-79.40097412
PRIVATE,1960,61,88,43.7269110332,-79.3147057039
PRIVATE,1960,72,88,43.7318415798,-79.2729961142
PRIVATE,1960,17,88,43.763520596,-79.455038536
PRIVATE,1962,26,88,43.6646746732,-79.5222520533
PRIVATE,1962,47,88,43.6982740751,-79.5624045901
PRIVATE,1962,13,88,43.7183839907,-79.5579415318
PRIVATE,1963,118,88,43.589738824,-79.529723711
PRIVATE,1964,90,88,43.702592381,-79.342924935
PRIVATE,1964,88,88,43.7209375824,-79.2430985709
PRIVATE,1965,47,88,43.6143308517,-79.4872977904
PRIVATE,1965,112,88,43.7619582699,-79.3238669393
PRIVATE,1966,121,88,43.6883007663,-79.3508994916
PRIVATE,1966,308,88,43.705284648,-79.341449141
PRIVATE,1966,234,88,43.7543911907,-79.3162260546
PRIVATE,1966,112,88,43.755642859,-79.4356157794
PRIVATE,1967,85,88,43.673975859,-79.403304934
PRIVATE,1968,159,88,43.730125607,-79.509778711
PRIVATE,1969,321,88,43.655948159,-79.465424787
PRIVATE,1970,36,88,43.5920527461,-79.530753761
PRIVATE,1970,141,88,43.64088681,-79.564713058
PRIVATE,1970,17,88,43.6922639472,-79.4789792359
PRIVATE,1970,112,88,43.7002003087,-79.5172673603
TCHC,1970,94,88,43.7142950675,-79.2692166242
PRIVATE,1971,303,88,43.693121262,-79.301596009
PRIVATE,1971,584,88,43.695055074,-79.291784761
TCHC,1972,236,88,43.73164966,-79.277903946
TCHC,1972,389,88,43.79163957,-79.446195585
PRIVATE,1973,233,88,43.656888484,-79.465364295
PRIVATE,1973,102,88,43.659649469,-79.373395124
PRIVATE,1973,370,88,43.761108533,-79.503752985
PRIVATE,1975,12,88,43.8035984436,-79.1642967087
PRIVATE,1975,12,88,43.8038619612,-79.1641599515
PRIVATE,1977,38,88,43.6782886904,-79.3101324427
PRIVATE,1981,147,88,43.6676849352,-79.3890195894
PRIVATE,1982,238,88,43.6992222546,-79.2778348112
TCHC,1984,237,88,43.7435749087,-79.5669913807
TCHC,1990,110,88,43.7273367741,-79.4020576636
TCHC,1993,11,88,43.652192629,-79.396788053
PRIVATE,1838,12,89,43.6591658607,-79.3715926671
PRIVATE,1885,19,89,43.659551551,-79.372639262
PRIVATE,1910,18,89,43.6502220463,-79.4843917868
PRIVATE,1912,16,89,43.648423856,-79.424019412
PRIVATE,1915,20,89,43.691863282,-79.396100397
PRIVATE,1920,11,89,43.659043133,-79.373055668
PRIVATE,1920,32,89,43.6746856483,-79.2801413313
PRIVATE,1920,15,89,43.6842405143,-79.4116176413
PRIVATE,1925,24,89,43.6721682166,-79.2883005888
PRIVATE,1926,30,89,43.6655427276,-79.3805307384
PRIVATE,1926,36,89,43.6859949954,-79.4198611438
PRIVATE,1928,26,89,43.665272853,-79.378302265
PRIVATE,1928,24,89,43.66528769,-79.378618457
SOCIAL HOUSING,1929,29,89,43.6862643144,-79.4217422251
PRIVATE,1930,15,89,43.653120199,-79.451329542
PRIVATE,1930,24,89,43.679556649,-79.434507969
PRIVATE,1930,21,89,43.704458501,-79.406220747
PRIVATE,1930,67,89,43.719945154,-79.400723312
PRIVATE,1934,49,89,43.691498395,-79.394776135
PRIVATE,1940,30,89,43.642552067,-79.448199755
SOCIAL HOUSING,1950,25,89,43.6481742891,-79.4902420295
PRIVATE,1950,24,89,43.6778634495,-79.3588173792
PRIVATE,1950,27,89,43.701892029,-79.420288428
PRIVATE,1950,16,89,43.7196647917,-79.5577092738
PRIVATE,1950,11,89,43.7304397598,-79.4596132017
PRIVATE,1951,12,89,43.7030609955,-79.4261250612
PRIVATE,1952,26,89,43.6090432374,-79.4898363283
PRIVATE,1952,66,89,43.646685099,-79.4485785795
PRIVATE,1952,13,89,43.662211246,-79.520546563
PRIVATE,1952,34,89,43.6641680509,-79.5231261637
PRIVATE,1953,11,89,43.7117264202,-79.3076717608
PRIVATE,1954,192,89,43.7371458262,-79.2565312101
PRIVATE,1955,34,89,43.6648936941,-79.522593185
PRIVATE,1955,46,89,43.7390527397,-79.4243280269
PRIVATE,1955,11,89,43.7421552614,-79.4365679609
PRIVATE,1955,11,89,43.743072408,-79.4368800635
PRIVATE,1956,25,89,43.674781847,-79.38361137
PRIVATE,1956,117,89,43.685675216,-79.416929405
PRIVATE,1956,48,89,43.689964772,-79.3476769455
PRIVATE,1956,12,89,43.6934951479,-79.4820055643
PRIVATE,1956,16,89,43.7085088591,-79.2998972117
PRIVATE,1956,30,89,43.726834232,-79.3021111159
PRIVATE,1957,59,89,43.674434569,-79.379291222
PRIVATE,1958,26,89,43.6838042523,-79.4870901288
PRIVATE,1958,11,89,43.7102484483,-79.4788199831
PRIVATE,1958,60,89,43.7275858638,-79.3190299977
PRIVATE,1959,124,89,43.672819085,-79.395361896
PRIVATE,1959,47,89,43.690409504,-79.345192362
PRIVATE,1959,78,89,43.6942406166,-79.4549873652
PRIVATE,1960,80,89,43.63511061,-79.435653216
PRIVATE,1960,32,89,43.6580102067,-79.4883644142
PRIVATE,1960,143,89,43.663901127,-79.376612139
PRIVATE,1960,34,89,43.7048608141,-79.4976836362
PRIVATE,1960,27,89,43.7107990699,-79.2702992344
PRIVATE,1960,18,89,43.72086112,-79.55824156
PRIVATE,1960,59,89,43.7309861519,-79.3047834793
PRIVATE,1960,72,89,43.7316750326,-79.2734533673
PRIVATE,1960,29,89,43.73995556,-79.270578917
PRIVATE,1960,43,89,43.7420240548,-79.3085552863
PRIVATE,1960,28,89,43.7422578587,-79.4357863772
PRIVATE,1961,55,89,43.7416741492,-79.5406112434
PRIVATE,1961,39,89,43.7431036198,-79.3070051699
PRIVATE,1962,23,89,43.6352649375,-79.4919665857
PRIVATE,1962,69,89,43.737103926,-79.342018814
PRIVATE,1962,100,89,43.7587421,-79.2223171477
PRIVATE,1963,101,89,43.667962528,-79.382564773
PRIVATE,1963,205,89,43.710193367,-79.394707661
PRIVATE,1964,210,89,43.7039163389,-79.4253300731
PRIVATE,1964,51,89,43.7101170493,-79.3836293624
PRIVATE,1965,216,89,43.6551760526,-79.4635445637
PRIVATE,1965,196,89,43.675673246,-79.392857876
PRIVATE,1965,115,89,43.7457790355,-79.2618378505
PRIVATE,1965,258,89,43.746940764,-79.488468802
PRIVATE,1965,164,89,43.7801532474,-79.3463837726
PRIVATE,1966,163,89,43.7793188069,-79.3498546485
PRIVATE,1967,198,89,43.7688139457,-79.3473075283
PRIVATE,1968,40,89,43.6782330421,-79.4969313119
PRIVATE,1968,172,89,43.706537983,-79.403386592
TCHC,1968,97,89,43.7145219871,-79.2681489006
PRIVATE,1968,118,89,43.7476852259,-79.5146324564
PRIVATE,1969,149,89,43.709455686,-79.386891755
TCHC,1969,192,89,43.72687441,-79.265289789
PRIVATE,1970,23,89,43.5918858428,-79.5306544291
PRIVATE,1970,284,89,43.6959726218,-79.2874840709
PRIVATE,1970,350,89,43.7054180727,-79.4894721065
PRIVATE,1970,154,89,43.729239154,-79.509192255
PRIVATE,1970,286,89,43.7654302303,-79.3443358391
PRIVATE,1971,35,89,43.691627521,-79.434491531
PRIVATE,1971,186,89,43.7829393273,-79.2995706265
TCHC,1973,391,89,43.7005890595,-79.5159933375
PRIVATE,1978,227,89,43.749099512,-79.584064323
PRIVATE,1979,238,89,43.807552003,-79.272681054
TCHC,1980,148,89,43.6013719933,-79.501536643
SOCIAL HOUSING,1983,258,89,43.7131568657,-79.4551622078
SOCIAL HOUSING,1983,130,89,43.7518743453,-79.438030916
SOCIAL HOUSING,1985,109,89,43.7043074064,-79.3469915731
PRIVATE,1986,25,89,43.68453315,-79.391046883
TCHC,1986,239,89,43.7759712605,-79.4152224497
SOCIAL HOUSING,1992,28,89,43.79936022,-79.150044554
TCHC,1993,102,89,43.648548433,-79.370253431
SOCIAL HOUSING,1993,44,89,43.672536977,-79.446435464
SOCIAL HOUSING,1996,80,89,43.66049693,-79.336536519
PRIVATE,1996,102,89,43.698770876,-79.397276935
PRIVATE,1888,17,90,43.665633289,-79.368248349
PRIVATE,1915,42,90,43.671655465,-79.323701099
PRIVATE,1918,16,90,43.6500184569,-79.4508259143
PRIVATE,1918,30,90,43.680695002,-79.416986377
PRIVATE,1926,36,90,43.6855675188,-79.4196915676
PRIVATE,1930,16,90,43.6838687867,-79.4195252929
PRIVATE,1932,11,90,43.643432753,-79.4253164727
PRIVATE,1939,19,90,43.636137103,-79.429522246
PRIVATE,1940,27,90,43.6673333722,-79.3809735781
PRIVATE,1950,30,90,43.6115410495,-79.489468582
PRIVATE,1950,31,90,43.685885734,-79.4229628704
PRIVATE,1950,26,90,43.6866220791,-79.3348314458
PRIVATE,1950,12,90,43.7191723913,-79.4799616805
PRIVATE,1950,10,90,43.722668083,-79.306350662
PRIVATE,1950,40,90,43.7330607404,-79.340845323
SOCIAL HOUSING,1950,10,90,43.7447105707,-79.4354450198
PRIVATE,1952,16,90,43.710358471,-79.290289103
PRIVATE,1952,16,90,43.710464421,-79.289768607
PRIVATE,1953,52,90,43.705024326,-79.425827726
PRIVATE,1954,28,90,43.6903808073,-79.3529674197
PRIVATE,1954,50,90,43.7359936436,-79.2687949142
PRIVATE,1955,23,90,43.636668486,-79.436114356
PRIVATE,1955,47,90,43.6852027007,-79.4736170741
PRIVATE,1955,36,90,43.7273459768,-79.3025559656
PRIVATE,1955,11,90,43.7419930803,-79.4364254778
PRIVATE,1956,38,90,43.7274308243,-79.3009591644
PRIVATE,1957,27,90,43.63650442,-79.4877435636
TCHC,1957,31,90,43.718500015,-79.447329934
PRIVATE,1957,26,90,43.7260668342,-79.4036329242
PRIVATE,1958,35,90,43.692772378,-79.483091733
PRIVATE,1958,20,90,43.7350794611,-79.2480505493
PRIVATE,1959,91,90,43.634808178,-79.434763919
PRIVATE,1959,29,90,43.6639708719,-79.5021353711
PRIVATE,1959,60,90,43.7037023569,-79.3467690026
PRIVATE,1959,87,90,43.705178016,-79.425108275
PRIVATE,1959,36,90,43.7096715692,-79.3877050261
PRIVATE,1960,15,90,43.6035699967,-79.4939393682
PRIVATE,1960,121,90,43.699454099,-79.517762353
PRIVATE,1960,130,90,43.714919516,-79.55750237
PRIVATE,1960,130,90,43.715262532,-79.556650611
PRIVATE,1960,11,90,43.7306713451,-79.4374893371
PRIVATE,1960,26,90,43.7387605679,-79.4255772221
PRIVATE,1960,115,90,43.7405750446,-79.5143347224
PRIVATE,1960,40,90,43.743273862,-79.487672479
PRIVATE,1960,202,90,43.7565096904,-79.4367503453
PRIVATE,1960,21,90,43.7569401059,-79.2882167684
PRIVATE,1960,170,90,43.7888662031,-79.4463491989
PRIVATE,1961,13,90,43.708279246,-79.410640011
PRIVATE,1961,37,90,43.714028439,-79.364118503
PRIVATE,1961,71,90,43.7711135877,-79.442973232
PRIVATE,1962,78,90,43.703946444,-79.424475355
PRIVATE,1962,78,90,43.7270242372,-79.315596986
PRIVATE,1963,102,90,43.751505712,-79.402827155
PRIVATE,1964,228,90,43.70953529,-79.392399206
PRIVATE,1964,67,90,43.7328848087,-79.3055213856
PRIVATE,1964,84,90,43.7404592839,-79.2437182596
PRIVATE,1965,60,90,43.693337997,-79.396456433
PRIVATE,1965,11,90,43.739250167,-79.3428089774
PRIVATE,1966,80,90,43.7485751194,-79.437302788
PRIVATE,1967,222,90,43.759658618,-79.3350153122
PRIVATE,1967,65,90,43.7676449772,-79.2698659258
PRIVATE,1967,180,90,43.7818416283,-79.3541987634
TCHC,1968,257,90,43.650817742,-79.40050764
PRIVATE,1968,427,90,43.6665543282,-79.3792025495
TCHC,1968,304,90,43.6726977491,-79.4906805093
PRIVATE,1968,170,90,43.7797579153,-79.3477938007
TCHC,1969,36,90,43.726760854,-79.263575088
PRIVATE,1969,120,90,43.7862798518,-79.4468276481
PRIVATE,1970,96,90,43.7441364184,-79.5943268787
PRIVATE,1970,88,90,43.7620489485,-79.211440469
PRIVATE,1970,370,90,43.7629761181,-79.502065617
PRIVATE,1971,34,90,43.681735253,-79.281298195
PRIVATE,1971,94,90,43.729677828,-79.276229104
PRIVATE,1974,167,90,43.7947061514,-79.315638344
PRIVATE,1978,390,90,43.764180371,-79.505752773
TCHC,1979,189,90,43.656896921,-79.40179055
PRIVATE,1979,372,90,43.7812935158,-79.450030785
PRIVATE,1979,238,90,43.807671204,-79.271262134
TCHC,1980,155,90,43.658579323,-79.370659613
SOCIAL HOUSING,1983,174,90,43.6779324239,-79.3299297782
TCHC,1984,192,90,43.671910844,-79.38519572
TCHC,1984,179,90,43.7312483321,-79.6118048951
TCHC,1985,145,90,43.6591023749,-79.3763412035
SOCIAL HOUSING,1986,104,90,43.7317363097,-79.6140657224
SOCIAL HOUSING,1988,25,90,43.663437479,-79.373585563
SOCIAL HOUSING,1995,24,90,43.6890657377,-79.4960622799
PRIVATE,2006,232,90,43.7753760756,-79.3407074848
PRIVATE,2013,62,90,43.717812062,-79.330538523
PRIVATE,1905,18,91,43.653182785,-79.429268774
PRIVATE,1920,16,91,43.682089803,-79.422328611
PRIVATE,1925,18,91,43.680405146,-79.399282271
PRIVATE,1927,19,91,43.68917555,-79.411401114
PRIVATE,1930,23,91,43.713358222,-79.398875082
PRIVATE,1934,46,91,43.693696206,-79.396743559
PRIVATE,1940,33,91,43.705869232,-79.401343877
PRIVATE,1945,11,91,43.758770542,-79.404411871
PRIVATE,1950,62,91,43.6150903921,-79.4868989887
PRIVATE,1950,60,91,43.740401247,-79.4209043268
PRIVATE,1952,41,91,43.696978593,-79.404812013
PRIVATE,1953,26,91,43.7209195951,-79.432960657
PRIVATE,1954,22,91,43.6835075066,-79.4830125811
PRIVATE,1954,11,91,43.687387146,-79.283618564
PRIVATE,1954,63,91,43.7180269,-79.401034541
PRIVATE,1954,11,91,43.7197822126,-79.4809670632
PRIVATE,1955,29,91,43.6500598617,-79.4285544502
TCHC,1955,20,91,43.706344038,-79.4898898343
TCHC,1955,13,91,43.7064506482,-79.4893217524
PRIVATE,1956,50,91,43.6778956947,-79.3088113763
PRIVATE,1956,22,91,43.7387840807,-79.3424492566
PRIVATE,1957,21,91,43.6403042877,-79.4914484566
PRIVATE,1958,45,91,43.6123424282,-79.4891538112
PRIVATE,1958,27,91,43.6891811387,-79.3538144471
PRIVATE,1958,10,91,43.7234871181,-79.2660288594
PRIVATE,1960,43,91,43.6382286578,-79.4382671328
PRIVATE,1960,60,91,43.639553376,-79.509024033
PRIVATE,1960,71,91,43.6662506335,-79.3798674479
PRIVATE,1960,132,91,43.695541815,-79.296047547
PRIVATE,1960,61,91,43.7127945342,-79.2713034993
PRIVATE,1960,73,91,43.716209724,-79.557077624
PRIVATE,1960,42,91,43.7206156071,-79.5067407742
PRIVATE,1960,82,91,43.72169915,-79.500329532
PRIVATE,1960,36,91,43.721761981,-79.499653541
PRIVATE,1960,118,91,43.7306169901,-79.271727231
PRIVATE,1960,11,91,43.735513832,-79.484593132
PRIVATE,1960,33,91,43.736808651,-79.446539403
PRIVATE,1960,40,91,43.742991631,-79.487132131
PRIVATE,1961,55,91,43.729295625,-79.340139051
PRIVATE,1962,38,91,43.6382045659,-79.4931680835
PRIVATE,1962,100,91,43.639820653,-79.4374576953
PRIVATE,1962,59,91,43.648859107,-79.568021211
PRIVATE,1962,30,91,43.7242519745,-79.2657615108
PRIVATE,1963,57,91,43.7096507139,-79.3826287128
PRIVATE,1963,91,91,43.759908428,-79.3335295503
PRIVATE,1964,239,91,43.670488769,-79.371608932
PRIVATE,1964,65,91,43.6861001378,-79.2821331164
PRIVATE,1965,48,91,43.6364200969,-79.4289537195
PRIVATE,1965,131,91,43.666995001,-79.406173702
PRIVATE,1965,214,91,43.7046374432,-79.440751474
PRIVATE,1965,18,91,43.7155061026,-79.3912414634
PRIVATE,1965,11,91,43.7395217352,-79.342024827
PRIVATE,1965,68,91,43.7413605871,-79.2245308289
PRIVATE,1965,263,91,43.754645001,-79.333436109
PRIVATE,1965,287,91,43.77494536,-79.344585933
PRIVATE,1966,82,91,43.639211983,-79.557274574
PRIVATE,1966,118,91,43.666302583,-79.37532155
PRIVATE,1966,70,91,43.7346398069,-79.3419288019
PRIVATE,1967,25,91,43.610859495,-79.550105854
PRIVATE,1967,181,91,43.695934451,-79.548620626
PRIVATE,1967,315,91,43.7032633519,-79.4410303906
PRIVATE,1967,216,91,43.7741358989,-79.3429451779
PRIVATE,1967,295,91,43.774364871,-79.231567533
PRIVATE,1968,68,91,43.6935553458,-79.447286922
PRIVATE,1968,285,91,43.6965267454,-79.2862044067
PRIVATE,1968,30,91,43.7134790514,-79.2732946837
PRIVATE,1968,278,91,43.716007499,-79.3362261
PRIVATE,1969,245,91,43.686997323,-79.391011464
PRIVATE,1970,65,91,43.71093654,-79.398471241
PRIVATE,1970,229,91,43.7264666233,-79.4864218597
PRIVATE,1970,206,91,43.7880141404,-79.3320111395
PRIVATE,1971,77,91,43.648974484,-79.526198661
PRIVATE,1971,419,91,43.68782754,-79.503471493
TCHC,1971,178,91,43.7927282049,-79.3578376974
TCHC,1972,99,91,43.7671070711,-79.1850076952
PRIVATE,1974,76,91,43.7080949776,-79.4275758961
PRIVATE,1974,61,91,43.7117373497,-79.2708469323
PRIVATE,1974,84,91,43.7614984852,-79.3630422116
PRIVATE,1975,419,91,43.667643942,-79.383679432
PRIVATE,1977,72,91,43.634755045,-79.435435459
PRIVATE,1977,300,91,43.668558227,-79.374829965
TCHC,1977,99,91,43.6847713094,-79.4220013405
TCHC,1979,180,91,43.650231675,-79.391500138
TCHC,1979,275,91,43.793883909,-79.351291535
TCHC,1980,260,91,43.664421836,-79.37226324
TCHC,1981,266,91,43.708023913,-79.394575153
TCHC,1982,251,91,43.648589687,-79.366782746
TCHC,1983,166,91,43.646717897,-79.374036398
TCHC,1983,255,91,43.689240474,-79.492501015
PRIVATE,1986,171,91,43.6566534832,-79.4636905093
SOCIAL HOUSING,1989,119,91,43.7317348465,-79.5986539334
SOCIAL HOUSING,1989,164,91,43.7528909884,-79.4382283415
SOCIAL HOUSING,1990,208,91,43.6634553526,-79.5037202734
TCHC,1991,139,91,43.651211633,-79.390479351
SOCIAL HOUSING,1992,21,91,43.798928736,-79.149462154
SOCIAL HOUSING,1993,42,91,43.675421215,-79.413941928
SOCIAL HOUSING,1993,127,91,43.706341783,-79.396911955
SOCIAL HOUSING,1993,243,91,43.7470832962,-79.2854390765
SOCIAL HOUSING,1995,138,91,43.656507705,-79.378143229
PRIVATE,2007,55,91,43.669438916,-79.405207226
PRIVATE,2008,19,91,43.661847513,-79.429314532
TCHC,2009,159,91,43.660500875,-79.36342677
SOCIAL HOUSING,1885,28,92,43.656179273,-79.40360132
SOCIAL HOUSING,1891,16,92,43.663410889,-79.361416269
PRIVATE,1920,24,92,43.6862874018,-79.4225082434
PRIVATE,1920,32,92,43.6868381071,-79.4220275431
PRIVATE,1926,25,92,43.6874952579,-79.3985597973
PRIVATE,1929,32,92,43.6842251422,-79.4217235507
PRIVATE,1932,24,92,43.6849625997,-79.4194565721
PRIVATE,1945,11,92,43.758631647,-79.405405385
PRIVATE,1950,11,92,43.6117781476,-79.4895548881
PRIVATE,1950,10,92,43.731057278,-79.4337815
PRIVATE,1950,11,92,43.739344531,-79.3421666276
PRIVATE,1950,12,92,43.7603575234,-79.4631757419
PRIVATE,1952,26,92,43.6092734269,-79.4898141501
PRIVATE,1952,26,92,43.6093290014,-79.4885909687
PRIVATE,1952,37,92,43.6101831739,-79.4899009077
PRIVATE,1952,13,92,43.662380425,-79.521303659
PRIVATE,1954,12,92,43.7102443852,-79.4780441622
PRIVATE,1954,54,92,43.7354870834,-79.3066470427
PRIVATE,1955,13,92,43.592625398,-79.528050439
PRIVATE,1955,130,92,43.6884054492,-79.4358516608
PRIVATE,1955,22,92,43.7239351487,-79.4303884781
PRIVATE,1955,30,92,43.7280385906,-79.298841109
PRIVATE,1955,52,92,43.7282648735,-79.3058539405
PRIVATE,1956,52,92,43.759693301,-79.289071527
PRIVATE,1957,81,92,43.6416349795,-79.47294432
PRIVATE,1957,18,92,43.681900098,-79.405861723
PRIVATE,1957,235,92,43.695475395,-79.39853936
PRIVATE,1957,28,92,43.696215068,-79.475727208
PRIVATE,1958,35,92,43.721505648,-79.500811716
PRIVATE,1958,79,92,43.7281374387,-79.2656668508
PRIVATE,1959,41,92,43.589434868,-79.544657833
PRIVATE,1959,70,92,43.7030025746,-79.4254211861
PRIVATE,1959,24,92,43.7092676432,-79.2670048703
PRIVATE,1959,34,92,43.731860222,-79.437462746
PRIVATE,1960,133,92,43.6169356849,-79.4866758705
PRIVATE,1960,80,92,43.636950344,-79.43560797
PRIVATE,1960,92,92,43.663298218,-79.373807891
PRIVATE,1960,62,92,43.688002772,-79.420528429
PRIVATE,1960,39,92,43.7023772418,-79.439257763
PRIVATE,1960,65,92,43.7048987763,-79.5296017204
PRIVATE,1960,28,92,43.7105768969,-79.2702122358
PRIVATE,1960,44,92,43.729940785,-79.468234305
PRIVATE,1960,57,92,43.7335331794,-79.2693313625
PRIVATE,1960,58,92,43.741815421,-79.4356700472
PRIVATE,1960,92,92,43.7425445347,-79.5934989026
PRIVATE,1962,92,92,43.639059421,-79.471537005
TCHC,1962,115,92,43.7029523574,-79.2810286285
PRIVATE,1962,112,92,43.749760836,-79.550868013
PRIVATE,1962,70,92,43.759036474,-79.231672415
PRIVATE,1962,101,92,43.7604036514,-79.3924866908
PRIVATE,1963,162,92,43.705600128,-79.395221028
PRIVATE,1963,76,92,43.7371481492,-79.3412586289
TCHC,1964,299,92,43.655849077,-79.367907347
PRIVATE,1964,213,92,43.6898019641,-79.3535830039
PRIVATE,1964,171,92,43.695514613,-79.547766738
PRIVATE,1965,152,92,43.6301975537,-79.5798906401
PRIVATE,1965,230,92,43.655223679,-79.464807315
PRIVATE,1965,89,92,43.684495214,-79.4010047716
PRIVATE,1965,26,92,43.688894585,-79.352727757
PRIVATE,1965,61,92,43.694473525,-79.563528031
PRIVATE,1965,69,92,43.7657548154,-79.4437096635
PRIVATE,1967,201,92,43.7129086078,-79.2474811669
PRIVATE,1967,174,92,43.751490726,-79.2033413635
PRIVATE,1967,151,92,43.7615247984,-79.5177662952
PRIVATE,1967,141,92,43.7661120765,-79.200010227
PRIVATE,1968,226,92,43.658994583,-79.430040338
PRIVATE,1968,33,92,43.690536061,-79.344338641
PRIVATE,1968,49,92,43.696913551,-79.549832217
PRIVATE,1968,48,92,43.698071535,-79.391348866
PRIVATE,1968,124,92,43.75125271,-79.332754959
PRIVATE,1968,83,92,43.7939825101,-79.4198227886
PRIVATE,1969,201,92,43.654717824,-79.465281617
PRIVATE,1969,218,92,43.656787584,-79.466157347
PRIVATE,1969,163,92,43.687585593,-79.392430262
PRIVATE,1969,149,92,43.7751212941,-79.3490805112
PRIVATE,1970,45,92,43.685713025,-79.407513555
PRIVATE,1970,61,92,43.723806203,-79.492097765
PRIVATE,1970,109,92,43.7522915804,-79.51363863
PRIVATE,1970,202,92,43.7890444892,-79.4476519388
PRIVATE,1972,105,92,43.7620164362,-79.2173016754
PRIVATE,1972,165,92,43.7707432757,-79.1878549542
PRIVATE,1972,120,92,43.787093865,-79.467715903
PRIVATE,1972,206,92,43.7874657527,-79.331069436
PRIVATE,1972,265,92,43.7878204,-79.197530467
TCHC,1973,301,92,43.6555922823,-79.3695219097
PRIVATE,1974,131,92,43.770560291,-79.521405658
PRIVATE,1974,175,92,43.7934585291,-79.315225557
TCHC,1975,200,92,43.659278057,-79.371049668
PRIVATE,1975,12,92,43.804310025,-79.1674004939
PRIVATE,1977,46,92,43.7385153084,-79.4915401712
TCHC,1980,326,92,43.667014568,-79.400772812
PRIVATE,1980,146,92,43.69971567,-79.430311152
SOCIAL HOUSING,1982,115,92,43.6554042142,-79.4584260885
SOCIAL HOUSING,1982,174,92,43.688879712,-79.491260721
SOCIAL HOUSING,1989,70,92,43.7332472948,-79.3395613564
SOCIAL HOUSING,1992,102,92,43.7294157081,-79.2774083068
SOCIAL HOUSING,1992,14,92,43.79845735,-79.149242668
TCHC,1993,113,92,43.680639688,-79.418058669
SOCIAL HOUSING,1993,248,92,43.6931197205,-79.4688639232
TCHC,1994,95,92,43.658290395,-79.450207767
SOCIAL HOUSING,1994,68,92,43.7613478406,-79.323202558
TCHC,2006,220,92,43.649017812,-79.367964945
PRIVATE,1885,11,93,43.649450698,-79.435105646
PRIVATE,1920,12,93,43.6493332023,-79.4831934689
PRIVATE,1927,37,93,43.6663961492,-79.3863015962
PRIVATE,1930,15,93,43.663338169,-79.363690877
PRIVATE,1930,27,93,43.685742821,-79.3945524551
PRIVATE,1937,13,93,43.6747748062,-79.2796021139
PRIVATE,1950,35,93,43.6349134645,-79.4905899718
PRIVATE,1950,72,93,43.694581164,-79.423543998
PRIVATE,1950,54,93,43.7290630749,-79.4829377791
PRIVATE,1950,10,93,43.730928508,-79.433908943
PRIVATE,1952,39,93,43.6371233389,-79.4904689294
PRIVATE,1952,14,93,43.662712922,-79.520190294
PRIVATE,1954,16,93,43.6747055108,-79.2773893392
PRIVATE,1954,32,93,43.702931813,-79.415148542
PRIVATE,1954,10,93,43.709396527,-79.508191329
PRIVATE,1955,99,93,43.674157704,-79.385724268
PRIVATE,1955,80,93,43.687281699,-79.399728153
PRIVATE,1955,31,93,43.705039078,-79.405292084
PRIVATE,1955,42,93,43.7209792831,-79.5051259497
PRIVATE,1958,26,93,43.6837517328,-79.4873082917
PRIVATE,1958,29,93,43.6896822346,-79.3460278101
PRIVATE,1958,26,93,43.729465669,-79.4599073969
PRIVATE,1959,88,93,43.618345357,-79.4857916562
PRIVATE,1959,69,93,43.6358852908,-79.4287210164
PRIVATE,1959,42,93,43.6847612919,-79.4193183625
PRIVATE,1959,61,93,43.6960744656,-79.2646078047
PRIVATE,1959,97,93,43.703250055,-79.526966387
PRIVATE,1960,34,93,43.5899805571,-79.5423873901
PRIVATE,1960,74,93,43.6092105194,-79.5462107894
PRIVATE,1960,61,93,43.6656528226,-79.3795549794
PRIVATE,1960,18,93,43.6922338982,-79.2630193825
PRIVATE,1960,71,93,43.704388503,-79.343145328
PRIVATE,1960,90,93,43.709864206,-79.384723421
PRIVATE,1960,40,93,43.7357778684,-79.3410317074
PRIVATE,1960,40,93,43.7440104,-79.4880842286
PRIVATE,1962,153,93,43.6902830528,-79.3461159995
PRIVATE,1962,122,93,43.694565913,-79.396863246
PRIVATE,1962,36,93,43.7433508938,-79.3059187753
PRIVATE,1962,60,93,43.7587707758,-79.2323786593
PRIVATE,1963,97,93,43.731696421,-79.578498513
PRIVATE,1963,81,93,43.7716015203,-79.4431815969
PRIVATE,1964,37,93,43.706999577,-79.294868767
PRIVATE,1965,65,93,43.6356226752,-79.4284981005
PRIVATE,1965,82,93,43.6379977398,-79.4358904855
PRIVATE,1965,34,93,43.6862572017,-79.4205091035
PRIVATE,1965,61,93,43.69407154,-79.562734454
PRIVATE,1965,27,93,43.7157230263,-79.377538515
PRIVATE,1965,11,93,43.739178679,-79.3433554999
PRIVATE,1966,96,93,43.682596017,-79.512861413
PRIVATE,1967,356,93,43.659713003,-79.429285039
TCHC,1967,76,93,43.6990884103,-79.5033968088
PRIVATE,1967,204,93,43.739202145,-79.5181434205
PRIVATE,1967,148,93,43.7517314,-79.331966044
PRIVATE,1968,178,93,43.6836537858,-79.5686665938
PRIVATE,1968,53,93,43.729376377,-79.22688801
PRIVATE,1968,169,93,43.7307518938,-79.2712141705
PRIVATE,1968,33,93,43.7493270741,-79.2783368218
PRIVATE,1969,161,93,43.7073903147,-79.4803989264
TCHC,1970,22,93,43.7365696854,-79.255181683
PRIVATE,1970,160,93,43.750117696,-79.220863337
PRIVATE,1971,113,93,43.657554668,-79.43400594
PRIVATE,1971,71,93,43.726046622,-79.265909548
PRIVATE,1971,88,93,43.7432814617,-79.5941314137
PRIVATE,1974,152,93,43.637506998,-79.56171027
PRIVATE,1974,416,93,43.6455831031,-79.5265058924
PRIVATE,1974,204,93,43.7471776431,-79.5819972103
PRIVATE,1974,175,93,43.794252697,-79.3168863935
PRIVATE,1975,12,93,43.8042493963,-79.1676352467
PRIVATE,1975,12,93,43.8046081727,-79.1661290396
PRIVATE,1979,200,93,43.786028954,-79.204498435
SOCIAL HOUSING,1985,41,93,43.759407247,-79.196109696
TCHC,1989,157,93,43.655689409,-79.414956252
SOCIAL HOUSING,1992,14,93,43.799771853,-79.150262267
SOCIAL HOUSING,1994,119,93,43.7019082741,-79.5198266294
SOCIAL HOUSING,1996,53,93,43.787109972,-79.415408659
SOCIAL HOUSING,2002,26,93,43.680785833,-79.334088523
SOCIAL HOUSING,2005,52,93,43.654513754,-79.366669531
PRIVATE,1918,15,94,43.667969229,-79.378215831
PRIVATE,1932,21,94,43.674568931,-79.279856653
PRIVATE,1940,14,94,43.703370512,-79.516414059
PRIVATE,1948,10,94,43.698921374,-79.40575322
PRIVATE,1950,23,94,43.6162416017,-79.4892718985
PRIVATE,1950,35,94,43.6348017129,-79.4912245002
PRIVATE,1952,13,94,43.662044955,-79.521338721
PRIVATE,1953,32,94,43.635649636,-79.4928351959
PRIVATE,1953,11,94,43.7043754257,-79.4779098871
PRIVATE,1954,32,94,43.636679641,-79.492405423
PRIVATE,1954,44,94,43.6392913192,-79.4876408475
PRIVATE,1955,10,94,43.5927138027,-79.5276951676
PRIVATE,1955,16,94,43.6492875275,-79.5040692616
PRIVATE,1955,50,94,43.688285503,-79.399898958
PRIVATE,1955,36,94,43.6892545764,-79.3481301211
PRIVATE,1955,82,94,43.702214085,-79.34780065
PRIVATE,1955,22,94,43.7237073315,-79.4303236253
PRIVATE,1955,30,94,43.727425208,-79.2987499996
PRIVATE,1956,56,94,43.7009672272,-79.4495637221
PRIVATE,1957,49,94,43.728810664,-79.2674784317
PRIVATE,1958,11,94,43.6011294552,-79.5152006499
PRIVATE,1958,50,94,43.6402119345,-79.4896809434
PRIVATE,1958,67,94,43.703984006,-79.297455687
PRIVATE,1958,29,94,43.7437026681,-79.4360783017
PRIVATE,1958,35,94,43.769190713,-79.379327637
PRIVATE,1959,42,94,43.648421735,-79.530760922
PRIVATE,1959,14,94,43.662922178,-79.521001935
PRIVATE,1959,43,94,43.7059714885,-79.2960157018
PRIVATE,1959,12,94,43.7078158856,-79.4828804419
PRIVATE,1959,36,94,43.7433324856,-79.3097740889
PRIVATE,1960,52,94,43.602248316,-79.506894937
PRIVATE,1960,10,94,43.640715018,-79.488178586
PRIVATE,1960,14,94,43.6497236996,-79.4975167166
PRIVATE,1960,23,94,43.665842728,-79.5207230628
PRIVATE,1960,84,94,43.668324,-79.383444564
PRIVATE,1960,62,94,43.670260332,-79.40054649
PRIVATE,1960,124,94,43.6888376633,-79.435821172
PRIVATE,1960,11,94,43.7207064297,-79.4552747615
PRIVATE,1960,107,94,43.730088232,-79.274600978
PRIVATE,1961,144,94,43.7553047616,-79.436948304
PRIVATE,1961,107,94,43.765315672,-79.184493788
PRIVATE,1962,41,94,43.7283141959,-79.4827840355
PRIVATE,1962,114,94,43.7488905549,-79.5504144221
PRIVATE,1963,108,94,43.6370713769,-79.4279645858
PRIVATE,1963,76,94,43.6661438785,-79.3802674898
PRIVATE,1963,30,94,43.688689178,-79.354108641
PRIVATE,1963,97,94,43.732279511,-79.577684699
PRIVATE,1964,239,94,43.671082603,-79.371532819
PRIVATE,1964,225,94,43.694910741,-79.5525691249
PRIVATE,1965,118,94,43.6275335945,-79.5780494311
PRIVATE,1965,23,94,43.6368219752,-79.4892158365
PRIVATE,1965,102,94,43.7246901673,-79.4304297831
PRIVATE,1965,130,94,43.731893112,-79.272217382
PRIVATE,1965,11,94,43.7386011415,-79.3432263203
PRIVATE,1968,108,94,43.676251271,-79.552119041
PRIVATE,1968,279,94,43.702990612,-79.341462578
PRIVATE,1968,158,94,43.730739234,-79.5101143614
PRIVATE,1968,139,94,43.7808646264,-79.3539032407
PRIVATE,1968,214,94,43.7813130122,-79.2295091754
TCHC,1969,327,94,43.669381383,-79.37437191
PRIVATE,1969,100,94,43.7135169093,-79.5613583242
PRIVATE,1969,254,94,43.7534828961,-79.2626268384
TCHC,1969,323,94,43.768780728,-79.518663474
PRIVATE,1971,128,94,43.675270143,-79.553851772
PRIVATE,1971,105,94,43.676012059,-79.553552325
PRIVATE,1971,40,94,43.7210593551,-79.5047297893
TCHC,1971,164,94,43.792308051,-79.35878168
TCHC,1975,300,94,43.7820250882,-79.291608709
PRIVATE,1975,12,94,43.8043562465,-79.1670746426
PRIVATE,1976,638,94,43.657073675,-79.452365262
PRIVATE,1976,343,94,43.7544362323,-79.5871043127
TCHC,1979,330,94,43.7204681732,-79.2391056557
TCHC,1980,22,94,43.7366529492,-79.2546800304
SOCIAL HOUSING,1982,18,94,43.6807933041,-79.4261720553
SOCIAL HOUSING,1982,259,94,43.6852100383,-79.5218137723
PRIVATE,1982,117,94,43.726050381,-79.304738793
TCHC,1983,64,94,43.673917543,-79.422657829
SOCIAL HOUSING,1986,97,94,43.68092861,-79.428209026
SOCIAL HOUSING,1987,15,94,43.657882233,-79.348395465
SOCIAL HOUSING,1988,125,94,43.705765956,-79.424733085
TCHC,1989,138,94,43.635062111,-79.437601411
SOCIAL HOUSING,1989,19,94,43.6582172963,-79.3407960329
TCHC,1989,15,94,43.6771456368,-79.3445056015
TCHC,1992,100,94,43.616184074,-79.49590117
TCHC,1992,176,94,43.65782687,-79.446238612
PRIVATE,1992,138,94,43.665053148,-79.446087581
SOCIAL HOUSING,1993,177,94,43.6620660934,-79.3367847076
SOCIAL HOUSING,2005,84,94,43.645573462,-79.402433707
TCHC,2010,110,94,43.662285791,-79.378210701
PRIVATE,1911,21,95,43.663780728,-79.413601152
PRIVATE,1927,45,95,43.664758213,-79.381484242
PRIVATE,1947,25,95,43.6360787547,-79.4876301384
PRIVATE,1950,26,95,43.5886442481,-79.5434170167
PRIVATE,1950,12,95,43.7087775531,-79.310012242
PRIVATE,1952,87,95,43.7019615716,-79.4227024565
PRIVATE,1953,49,95,43.689344093,-79.477497851
PRIVATE,1954,34,95,43.639073561,-79.4920727048
PRIVATE,1954,15,95,43.6746668318,-79.2776535124
PRIVATE,1954,15,95,43.6747570284,-79.2771547349
PRIVATE,1954,30,95,43.6753306295,-79.2779449422
PRIVATE,1954,21,95,43.709999677,-79.402480561
PRIVATE,1955,31,95,43.6873436223,-79.4236433658
PRIVATE,1955,36,95,43.7022080434,-79.4400323266
PRIVATE,1955,34,95,43.70796583,-79.302427359
PRIVATE,1955,10,95,43.7095042953,-79.5076695409
PRIVATE,1955,48,95,43.7284796451,-79.3050102685
PRIVATE,1956,51,95,43.6360380172,-79.4884023026
PRIVATE,1956,11,95,43.685070585,-79.342353617
PRIVATE,1956,56,95,43.7399203058,-79.4200552723
PRIVATE,1958,50,95,43.6398570764,-79.4888378299
PRIVATE,1958,66,95,43.73795553,-79.344349052
PRIVATE,1958,31,95,43.7428392461,-79.4358673585
PRIVATE,1959,37,95,43.689842541,-79.398960779
PRIVATE,1959,87,95,43.729247112,-79.256767774
PRIVATE,1959,56,95,43.7404203378,-79.4237155283
PRIVATE,1959,237,95,43.7579977095,-79.4369177756
PRIVATE,1960,48,95,43.640530203,-79.488846855
PRIVATE,1960,56,95,43.669152717,-79.376810925
PRIVATE,1960,45,95,43.696598977,-79.475898952
PRIVATE,1960,54,95,43.710464696,-79.378584796
PRIVATE,1960,39,95,43.7269710792,-79.4040459316
PRIVATE,1960,154,95,43.7525195774,-79.3152926734
PRIVATE,1961,129,95,43.695029178,-79.294709895
PRIVATE,1961,71,95,43.73018689,-79.340902799
PRIVATE,1961,57,95,43.7454519682,-79.3263683748
PRIVATE,1961,107,95,43.766129136,-79.184866277
PRIVATE,1962,29,95,43.613576463,-79.494935739
PRIVATE,1962,55,95,43.639035157,-79.564993488
PRIVATE,1963,90,95,43.661101768,-79.515869361
PRIVATE,1963,122,95,43.661225213,-79.515144165
PRIVATE,1964,56,95,43.719032697,-79.329817672
PRIVATE,1964,101,95,43.7305583723,-79.2723812981
PRIVATE,1964,65,95,43.7601779836,-79.3325640814
PRIVATE,1964,108,95,43.7853449886,-79.4468063117
PRIVATE,1966,73,95,43.663190582,-79.519535276
PRIVATE,1967,76,95,43.635115128,-79.434882093
PRIVATE,1967,411,95,43.6857858,-79.391174558
PRIVATE,1967,142,95,43.7032932247,-79.4396796908
PRIVATE,1967,149,95,43.7870875087,-79.4473742209
PRIVATE,1968,126,95,43.67573405,-79.551408627
PRIVATE,1968,193,95,43.744688035,-79.218768113
PRIVATE,1968,189,95,43.7904933942,-79.3906931297
PRIVATE,1969,131,95,43.711075654,-79.270595187
PRIVATE,1970,45,95,43.6375255076,-79.5635248549
PRIVATE,1970,525,95,43.645129722,-79.409810857
PRIVATE,1970,136,95,43.7583695279,-79.2234312468
TCHC,1972,231,95,43.726764513,-79.250888477
PRIVATE,1973,141,95,43.6846591865,-79.5139674087
PRIVATE,1974,163,95,43.6995418332,-79.2767370484
PRIVATE,1974,196,95,43.7824433575,-79.2956106966
PRIVATE,1975,25,95,43.691064563,-79.469709791
PRIVATE,1975,277,95,43.762630954,-79.409754662
PRIVATE,1976,217,95,43.7263188872,-79.326226049
PRIVATE,1976,223,95,43.7481679361,-79.577118319
PRIVATE,1979,284,95,43.662134169,-79.381792776
PRIVATE,1979,47,95,43.664890999,-79.383181646
TCHC,1980,22,95,43.7362667002,-79.253868081
SOCIAL HOUSING,1989,14,95,43.663675162,-79.321078637
SOCIAL HOUSING,1992,111,95,43.688688452,-79.296041897
SOCIAL HOUSING,1992,14,95,43.798355204,-79.149608006
SOCIAL HOUSING,1992,21,95,43.799334653,-79.149625429
SOCIAL HOUSING,1993,22,95,43.668855304,-79.375727382
SOCIAL HOUSING,1993,130,95,43.81394308,-79.290219554
SOCIAL HOUSING,1994,60,95,43.767932495,-79.197118281
SOCIAL HOUSING,2005,30,95,43.658372351,-79.367849536
PRIVATE,2010,141,95,43.7061847,-79.393224881
PRIVATE,1910,35,96,43.668007452,-79.382076109
PRIVATE,1928,47,96,43.66485273,-79.381363791
PRIVATE,1928,26,96,43.6668236077,-79.3771743291
PRIVATE,1931,41,96,43.681922414,-79.399892991
PRIVATE,1950,14,96,43.652203577,-79.525983776
PRIVATE,1950,14,96,43.652394933,-79.525845839
PRIVATE,1950,11,96,43.6931694269,-79.4699479561
PRIVATE,1951,38,96,43.601468456,-79.505848789
PRIVATE,1951,12,96,43.7091921136,-79.3096855497
PRIVATE,1952,33,96,43.6384647272,-79.4918242158
PRIVATE,1953,19,96,43.6978411603,-79.3717629159
PRIVATE,1953,15,96,43.703363564,-79.310527323
PRIVATE,1955,31,96,43.6386817552,-79.4872228094
PRIVATE,1955,30,96,43.6387928448,-79.4940708914
PRIVATE,1955,22,96,43.650247254,-79.428597853
PRIVATE,1955,47,96,43.687758789,-79.399725515
PRIVATE,1955,65,96,43.7279966031,-79.3068020912
PRIVATE,1955,26,96,43.7284154866,-79.3006056472
PRIVATE,1957,70,96,43.6366349836,-79.4276516523
PRIVATE,1958,28,96,43.700297074,-79.5025588448
PRIVATE,1958,54,96,43.7343053211,-79.307065705
PRIVATE,1959,87,96,43.729247112,-79.256767774
PRIVATE,1959,99,96,43.74138175,-79.4943018831
PRIVATE,1959,96,96,43.7762507176,-79.4431391381
PRIVATE,1960,116,96,43.668593704,-79.378214229
PRIVATE,1960,62,96,43.7009028087,-79.449149194
PRIVATE,1960,22,96,43.708089481,-79.410622668
PRIVATE,1960,28,96,43.7232330003,-79.4317060695
PRIVATE,1960,28,96,43.7238042937,-79.4313359616
PRIVATE,1960,40,96,43.7353799948,-79.3409353127
PRIVATE,1960,123,96,43.756000502,-79.240912837
PRIVATE,1961,151,96,43.6123803849,-79.4879248651
TCHC,1961,25,96,43.6642540945,-79.3598482523
PRIVATE,1962,138,96,43.7037098752,-79.4222136695
PRIVATE,1962,111,96,43.74157075,-79.328070218
PRIVATE,1962,167,96,43.7567677733,-79.4380041027
PRIVATE,1963,124,96,43.724969646,-79.2748142214
PRIVATE,1963,113,96,43.7408614769,-79.3286037917
TCHC,1964,168,96,43.703580346,-79.279521109
PRIVATE,1964,174,96,43.7719556652,-79.4498156824
PRIVATE,1964,128,96,43.7860767435,-79.447735502
PRIVATE,1965,82,96,43.667777746,-79.383098557
PRIVATE,1965,30,96,43.689950359,-79.345087457
PRIVATE,1965,69,96,43.6976143504,-79.3716799058
PRIVATE,1965,11,96,43.7203778821,-79.4802346751
PRIVATE,1965,231,96,43.7777340882,-79.3489814239
PRIVATE,1966,108,96,43.6806469466,-79.5103162763
PRIVATE,1967,275,96,43.678116007,-79.3607869844
PRIVATE,1967,229,96,43.703280028,-79.438740603
PRIVATE,1967,175,96,43.7921587704,-79.3916718817
PRIVATE,1968,565,96,43.669069472,-79.37171783
PRIVATE,1968,118,96,43.713486559,-79.2466803233
PRIVATE,1968,153,96,43.7869738317,-79.3519406664
PRIVATE,1969,250,96,43.712680401,-79.393055375
PRIVATE,1969,344,96,43.7273105049,-79.3250508572
PRIVATE,1969,152,96,43.740230303,-79.4225545935
PRIVATE,1970,119,96,43.652443491,-79.570433321
TCHC,1970,221,96,43.7164211106,-79.5052233382
PRIVATE,1970,66,96,43.765752783,-79.380070251
PRIVATE,1970,221,96,43.7888747395,-79.4489791313
PRIVATE,1970,194,96,43.792827996,-79.441654119
PRIVATE,1972,227,96,43.712248415,-79.395183727
PRIVATE,1972,135,96,43.7723180506,-79.2859346865
TCHC,1974,169,96,43.697803447,-79.499827299
TCHC,1974,283,96,43.768124338,-79.415525902
PRIVATE,1974,131,96,43.770115213,-79.522300555
TCHC,1975,293,96,43.776693031,-79.319134202
PRIVATE,1975,12,96,43.8046874624,-79.1658225399
PRIVATE,1977,250,96,43.667772301,-79.389524395
TCHC,1977,400,96,43.7599953268,-79.2217974394
PRIVATE,1979,70,96,43.7044910425,-79.4984382564
SOCIAL HOUSING,1980,135,96,43.649402507,-79.362697005
SOCIAL HOUSING,1981,53,96,43.7409528435,-79.2252456452
TCHC,1982,61,96,43.6499749234,-79.3684698144
SOCIAL HOUSING,1982,150,96,43.7883475227,-79.2401308981
TCHC,1983,185,96,43.7088453,-79.3898544426
PRIVATE,1986,107,96,43.79254847,-79.39077874
SOCIAL HOUSING,1990,75,96,43.654209663,-79.459398889
PRIVATE,1992,17,96,43.662740116,-79.417400109
SOCIAL HOUSING,1994,45,96,43.6715902457,-79.3263209715
SOCIAL HOUSING,1994,164,96,43.702657978,-79.297997207
SOCIAL HOUSING,1995,134,96,43.655979748,-79.443829191
PRIVATE,1999,38,96,43.698094964,-79.388000701
PRIVATE,2005,89,96,43.72220914,-79.413411185
PRIVATE,2007,188,96,43.6599201905,-79.3793368695
PRIVATE,2008,72,96,43.71127211,-79.394418315
PRIVATE,2010,74,96,43.775389788,-79.343955146
PRIVATE,2016,95,96,43.650010077,-79.433231873
PRIVATE,2019,235,96,43.709314834,-79.399752855
PRIVATE,1909,27,97,43.664610347,-79.382107604
PRIVATE,1920,27,97,43.664540632,-79.382321075
PRIVATE,1950,14,97,43.652601481,-79.525645179
PRIVATE,1950,68,97,43.7414140473,-79.4211970066
PRIVATE,1955,17,97,43.602838275,-79.4944408976
PRIVATE,1955,23,97,43.6589253856,-79.3715946717
PRIVATE,1955,40,97,43.69086838,-79.343018227
PRIVATE,1955,42,97,43.694335654,-79.397560276
PRIVATE,1957,52,97,43.6390897407,-79.4882393913
PRIVATE,1958,17,97,43.6645208541,-79.4910119688
PRIVATE,1958,34,97,43.726271603,-79.431876054
PRIVATE,1958,48,97,43.733380914,-79.43358678
PRIVATE,1958,65,97,43.7772192847,-79.4056901846
PRIVATE,1959,22,97,43.729582726,-79.342147167
PRIVATE,1959,61,97,43.736543344,-79.342621785
PRIVATE,1960,86,97,43.6382736068,-79.4368190607
PRIVATE,1960,59,97,43.7009946331,-79.4402809991
PRIVATE,1960,62,97,43.7032015325,-79.3458301347
PRIVATE,1960,12,97,43.7075826149,-79.3019433825
PRIVATE,1960,58,97,43.7401259268,-79.2429318294
PRIVATE,1961,51,97,43.6986462208,-79.4772084771
PRIVATE,1962,129,97,43.688134959,-79.353601113
PRIVATE,1962,48,97,43.709092255,-79.385527223
PRIVATE,1963,265,97,43.7883911434,-79.4180400688
PRIVATE,1964,251,97,43.6371520569,-79.427091443
PRIVATE,1965,70,97,43.6363526451,-79.4380647269
PRIVATE,1965,200,97,43.6790036577,-79.3612885228
PRIVATE,1965,286,97,43.697956512,-79.392129599
PRIVATE,1965,61,97,43.752982924,-79.40413326
PRIVATE,1966,107,97,43.770932219,-79.415667206
PRIVATE,1967,185,97,43.688457232,-79.391167763
PRIVATE,1967,64,97,43.7604975469,-79.3303911493
PRIVATE,1968,287,97,43.6739626249,-79.35545117
PRIVATE,1968,109,97,43.716768049,-79.331308961
PRIVATE,1970,24,97,43.6751742383,-79.2785094053
PRIVATE,1970,137,97,43.753559279,-79.362054281
PRIVATE,1970,304,97,43.764613327,-79.345774526
PRIVATE,1970,233,97,43.786291194,-79.417827386
PRIVATE,1971,172,97,43.8022250044,-79.3928562051
PRIVATE,1972,110,97,43.7315303371,-79.2739396307
TCHC,1973,29,97,43.662107374,-79.351676246
PRIVATE,1974,225,97,43.6398689295,-79.5856147179
PRIVATE,1974,228,97,43.677126322,-79.556808045
PRIVATE,1974,192,97,43.771912239,-79.287922032
PRIVATE,1975,173,97,43.682302793,-79.418485676
PRIVATE,1975,11,97,43.7309298534,-79.4365851209
PRIVATE,1979,211,97,43.6839794618,-79.5249462549
TCHC,1985,53,97,43.702568119,-79.438297042
TCHC,1989,12,97,43.668341436,-79.402632539
SOCIAL HOUSING,1989,14,97,43.66973086,-79.318265969
SOCIAL HOUSING,1991,37,97,43.659070087,-79.366469562
SOCIAL HOUSING,1991,126,97,43.6831806444,-79.3230461793
SOCIAL HOUSING,1992,133,97,43.7393701329,-79.2153343914
TCHC,1993,124,97,43.8084247156,-79.2179866009
SOCIAL HOUSING,1996,175,97,43.720498199,-79.482860936
SOCIAL HOUSING,2002,30,97,43.677485169,-79.320862391
PRIVATE,2005,388,97,43.654429184,-79.375957925
PRIVATE,2012,240,97,43.783662468,-79.444994843
TCHC,2014,128,97,43.656334944,-79.356596199
PRIVATE,2015,95,97,43.774094874,-79.341793943
PRIVATE,2018,595,97,43.658443735,-79.383996717
PRIVATE,2021,210,97,43.671532497,-79.423931124
PRIVATE,1910,12,98,43.667031521,-79.3817873
PRIVATE,1923,38,98,43.6677644838,-79.3730310131
PRIVATE,1929,46,98,43.7221803609,-79.4019572219
PRIVATE,1948,41,98,43.671964764,-79.374579123
PRIVATE,1950,24,98,43.696926149,-79.475711635
PRIVATE,1951,72,98,43.6031676706,-79.4934504653
SOCIAL HOUSING,1953,22,98,43.7207918778,-79.2435210688
PRIVATE,1954,16,98,43.6356967623,-79.4921362887
PRIVATE,1954,16,98,43.6395029387,-79.4940316467
PRIVATE,1955,111,98,43.6357677908,-79.4377979997
PRIVATE,1955,38,98,43.6907938758,-79.3550051135
PRIVATE,1956,10,98,43.7311946993,-79.4353275935
PRIVATE,1956,82,98,43.754044974,-79.265154241
PRIVATE,1957,41,98,43.7263976786,-79.4031116718
PRIVATE,1959,38,98,43.690768756,-79.343386205
PRIVATE,1959,71,98,43.7411213027,-79.4918224235
PRIVATE,1960,63,98,43.6776538886,-79.4967269194
PRIVATE,1961,140,98,43.689440499,-79.350037635
PRIVATE,1964,162,98,43.6837870806,-79.5263097197
PRIVATE,1964,188,98,43.711401489,-79.396765679
PRIVATE,1964,71,98,43.762813962,-79.316783785
PRIVATE,1965,102,98,43.6650800354,-79.3796817748
TCHC,1965,41,98,43.6658597162,-79.3160434122
PRIVATE,1965,11,98,43.7254545938,-79.5093332318
PRIVATE,1965,11,98,43.7256526155,-79.5093932499
PRIVATE,1965,11,98,43.7260982745,-79.5095108291
PRIVATE,1966,148,98,43.6501910215,-79.4940291116
PRIVATE,1966,93,98,43.7350883959,-79.3075489719
PRIVATE,1966,134,98,43.7798043698,-79.3506939201
PRIVATE,1968,81,98,43.5975229121,-79.5232617105
PRIVATE,1968,56,98,43.6495469253,-79.5275324793
PRIVATE,1969,568,98,43.6696118145,-79.3706631071
PRIVATE,1969,129,98,43.6857584584,-79.5133729757
PRIVATE,1969,125,98,43.78732482,-79.350960418
PRIVATE,1970,84,98,43.68928849,-79.350921858
PRIVATE,1972,329,98,43.6998540886,-79.2849399311
PRIVATE,1972,267,98,43.7005263633,-79.285525406
PRIVATE,1973,540,98,43.6465857177,-79.5271471882
PRIVATE,1973,561,98,43.671614503,-79.378728034
PRIVATE,1973,266,98,43.698386597,-79.394920593
PRIVATE,1974,167,98,43.7949706591,-79.3170591991
PRIVATE,1976,92,98,43.736752064,-79.2186571
PRIVATE,1978,246,98,43.7777650833,-79.4542079803
PRIVATE,1980,60,98,43.651581464,-79.374057609
PRIVATE,1981,195,98,43.680522919,-79.55416175
TCHC,1983,181,98,43.7219200782,-79.4309398102
SOCIAL HOUSING,1984,128,98,43.7009920215,-79.5153630558
SOCIAL HOUSING,1992,80,98,43.741665101,-79.566395335
SOCIAL HOUSING,1993,63,98,43.625636744,-79.504530803
SOCIAL HOUSING,2003,20,98,43.666175286,-79.445908725
SOCIAL HOUSING,2003,24,98,43.7161036194,-79.4429013897
PRIVATE,2005,84,98,43.738917845,-79.4348039821
SOCIAL HOUSING,2005,92,98,43.807586521,-79.21678105
TCHC,2008,56,98,43.660237712,-79.353034249
SOCIAL HOUSING,2016,145,98,43.653300151,-79.35672646
SOCIAL HOUSING,2016,20,98,43.691279311,-79.286865733
PRIVATE,2019,501,98,43.641956672,-79.400830248
PRIVATE,2021,333,98,43.639152469,-79.410262481
PRIVATE,1923,37,99,43.663884679,-79.382638254
PRIVATE,1928,30,99,43.66541625,-79.37835478
PRIVATE,1928,32,99,43.6667828801,-79.3769600054
PRIVATE,1931,54,99,43.6726051315,-79.3542475992
PRIVATE,1950,53,99,43.676613159,-79.3697198649
PRIVATE,1950,24,99,43.691914578,-79.342942945
PRIVATE,1954,13,99,43.6396535446,-79.487507425
PRIVATE,1955,48,99,43.6371995411,-79.493365223
PRIVATE,1955,104,99,43.675625786,-79.433405009
PRIVATE,1957,38,99,43.6181573986,-79.4862044027
PRIVATE,1958,15,99,43.691729939,-79.456536022
PRIVATE,1959,38,99,43.6178366581,-79.4863780789
PRIVATE,1959,61,99,43.735948407,-79.342481853
PRIVATE,1959,54,99,43.7522561858,-79.4046460528
PRIVATE,1959,54,99,43.7529197389,-79.4048046905
PRIVATE,1961,15,99,43.713064828,-79.390947556
PRIVATE,1962,52,99,43.706720954,-79.294444552
PRIVATE,1962,101,99,43.7414398255,-79.3292349773
PRIVATE,1962,154,99,43.7610374702,-79.3915028226
PRIVATE,1965,207,99,43.7399757697,-79.2395009689
PRIVATE,1966,42,99,43.6988301169,-79.4762162668
PRIVATE,1968,366,99,43.699208807,-79.390082204
PRIVATE,1969,110,99,43.682860253,-79.357706655
PRIVATE,1970,118,99,43.688008152,-79.352232015
PRIVATE,1970,134,99,43.6890416008,-79.3545084305
PRIVATE,1971,167,99,43.7707832946,-79.2843673903
SOCIAL HOUSING,1978,179,99,43.740755193,-79.246090296
SOCIAL HOUSING,1983,127,99,43.639368524,-79.433105014
TCHC,1984,44,99,43.657342412,-79.357649785
SOCIAL HOUSING,1988,77,99,43.6594297929,-79.3361462421
SOCIAL HOUSING,1990,11,99,43.679932553,-79.3224960568
PRIVATE,2003,306,99,43.7649957319,-79.4142574762
PRIVATE,2006,14,99,43.702716704,-79.373724977
PRIVATE,2013,177,99,43.654807461,-79.365773301
PRIVATE,2013,105,99,43.774618023,-79.343572185
PRIVATE,2015,221,99,43.709676333,-79.388685206
PRIVATE,2019,82,99,43.676576116,-79.40668972
PRIVATE,2021,246,99,43.638981358,-79.409542284
PRIVATE,1929,49,100,43.683582922,-79.400753772
PRIVATE,1934,48,100,43.6654105039,-79.3734599636
PRIVATE,1950,17,100,43.6923348201,-79.3435916097
PRIVATE,1960,67,100,43.6618943157,-79.3721159385
PRIVATE,1961,81,100,43.6898006862,-79.3508860504
PRIVATE,1961,94,100,43.6899236316,-79.3498848765
PRIVATE,1963,100,100,43.7399748227,-79.308126745
PRIVATE,1965,73,100,43.63512001,-79.428479032
PRIVATE,1965,63,100,43.6672444284,-79.4054073649
PRIVATE,1966,263,100,43.697351445,-79.394993963
PRIVATE,1969,168,100,43.683892245,-79.412785124
SOCIAL HOUSING,1992,80,100,43.654570058,-79.45891655
PRIVATE,2012,283,100,43.6431712607,-79.532364963
PRIVATE,2012,210,100,43.77626173,-79.320962704
PRIVATE,2017,248,100,43.668109286,-79.390826378
PRIVATE,2018,503,100,43.671146181,-79.376964829
PRIVATE,2021,231,100,43.666895137,-79.384772592